"","ID_firm_anonym","end_G17"
"1","F0001",6e+05
"2","F0016",5000
"3","F0017",24000
"4","F0020",30000
"5","F0023",16000
"6","F0024",4000
"7","F0037",150000
"8","F0043",0
"9","F0052",1e+05
"10","F0056",70000
"11","F0064",2e+05
"12","F0068",4e+05
"13","F0070",50000
"14","F0071",12000
"15","F0072",1e+05
"16","F0084",1e+05
"17","F0086",30000
"18","F0087",3e+05
"19","F0089",50000
"20","F0091",50000
"21","F0093",750000
"22","F0094",85000
"23","F0097",50000
"24","F0101",22000
"25","F0107",0
"26","F0108",6000
"27","F0115",15000
"28","F0125",50000
"29","F0128",60000
"30","F0132",-30000
"31","F0133",10000
"32","F0140",90000
"33","F0144",80000
"34","F0166",30000
"35","F0167",50000
"36","F0168",6000
"37","F0185",14600
"38","F0187",-75000
"39","F0197",70000
"40","F0199",150000
"41","F0201",25000
"42","F0206",25000
"43","F0210",30000
"44","F0224",35000
"45","F0225",265000
"46","F0226",1e+05
"47","F0229",250000
"48","F0233",1500
"49","F0236",115000
"50","F0240",25000
"51","F0244",20000
"52","F0246",25000
"53","F0247",0
"54","F0248",120000
"55","F0254",30000
"56","F0260",20000
"57","F0261",20000
"58","F0262",130000
"59","F0270",60000
"60","F0271",50000
"61","F0273",150000
"62","F0275",20000
"63","F0288",80000
"64","F0291",0
"65","F0295",30000
"66","F0296",7200
"67","F0297",15000
"68","F0308",40000
"69","F0312",60000
"70","F0315",70000
"71","F0317",72000
"72","F0323",0
"73","F0338",5000
"74","F0341",15000
"75","F0345",55000
"76","F0355",40000
"77","F0361",30000
"78","F0365",20000
"79","F0371",0
"80","F0375",150000
"81","F0379",25000
"82","F0381",45000
"83","F0389",7000
"84","F0394",30000
"85","F0395",60000
"86","F0397",150000
"87","F0405",25000
"88","F0406",4000
"89","F0413",5000
"90","F0420",50000
"91","F0421",3000
"92","F0422",15000
"93","F0423",50000
"94","F0424",5000
"95","F0427",31000
"96","F0429",1e+05
"97","F0435",25000
"98","F0441",14000
"99","F0443",8000
"100","F0450",60000
"101","F0452",90000
"102","F0459",2e+05
"103","F0467",20000
"104","F0471",15000
"105","F0490",25000
"106","F0494",20000
"107","F0495",30000
"108","F0502",30000
"109","F0503",0
"110","F0516",60000
"111","F0518",25000
"112","F0519",1e+05
"113","F0523",35000
"114","F0529",20000
"115","F0533",1500
"116","F0534",15000
"117","F0535",50000
"118","F0540",3e+05
"119","F0543",10000
"120","F0544",84650
"121","F0548",20000
"122","F0553",12000
"123","F0554",10000
"124","F0557",129000
"125","F0561",40000
"126","F0564",1e+05
"127","F0570",80000
"128","F0576",8000
"129","F0580",30000
"130","F0581",30000
"131","F0590",700
"132","F0595",13350
"133","F0602",25000
"134","F0605",2e+05
"135","F0610",120000
"136","F0642",40000
"137","F0643",20000
"138","F0646",30000
"139","F0647",30000
"140","F0651",40000
"141","F0653",0
"142","F0654",6000
"143","F0659",15000
"144","F0661",20000
"145","F0662",25000
"146","F0665",85000
"147","F0676",8000
"148","F0677",0
"149","F0683",1e+05
"150","F0693",70000
"151","F0697",8000
"152","F0700",8000
"153","F0703",60000
"154","F0704",85000
"155","F0709",80000
"156","F0711",192000
"157","F0715",30000
"158","F0717",20000
"159","F0720",60000
"160","F0726",36000
"161","F0729",30000
"162","F0735",60000
"163","F0738",15000
"164","F0740",6750
"165","F0745",0
"166","F0747",50000
"167","F0749",1500000
"168","F0756",15000
"169","F0757",40000
"170","F0758",0
"171","F0768",30000
"172","F0769",0
"173","F0774",5000
"174","F0776",250000
"175","F0781",135000
"176","F0790",20000
"177","F0792",180000
"178","F0807",5000
"179","F0811",5000
"180","F0812",15000
"181","F0819",150000
"182","F0821",50000
"183","F0822",15000
"184","F0825",3e+05
"185","F0826",5000
"186","F0835",26000
"187","F0840",50000
"188","F0846",185000
"189","F0849",40000
"190","F0850",25000
"191","F0852",30000
"192","F0861",10000
"193","F0862",37000
"194","F0865",10000
"195","F0867",70000
"196","F0869",20000
"197","F0870",15000
"198","F0876",10000
"199","F0885",1e+05
"200","F0889",3e+05
"201","F0890",110000
"202","F0891",25000
"203","F0897",0
"204","F0899",12000
"205","F0901",40000
"206","F0904",15000
"207","F0905",10000
"208","F0906",1e+05
"209","F0907",6000
"210","F0911",62000
"211","F0913",95000
"212","F0918",15000
"213","F0919",10000
"214","F0921",4e+05
"215","F0926",50000
"216","F0928",84000
"217","F0929",48000
"218","F0935",38000
"219","F0945",20000
"220","F0953",50000
"221","F0954",36700
"222","F0961",528000
"223","F0968",25000
"224","F0970",12000
"225","F0971",20000
"226","F0973",78000
"227","F0977",50000
"228","F0994",72000
"229","F0996",40000
"230","F1001",65000
"231","F1011",30000
"232","F1014",150000
"233","F1016",40000
"234","F1017",80000
"235","F1019",150000
"236","F1020",10000
"237","F1026",8000
"238","F1029",33000
"239","F1030",30000
"240","F1031",120000
"241","F1032",5e+05
"242","F1046",25000
"243","F1047",1e+05
"244","F1048",45000
"245","F1057",30000
"246","F1064",2e+05
"247","F1065",10000
"248","F1067",1e+05
"249","F1069",65000
"250","F1077",40000
"251","F1082",15000
"252","F1084",12400
"253","F1096",5e+05
"254","F1098",7000
"255","F1100",60000
"256","F1104",12000
"257","F1108",40000
"258","F1114",30000
"259","F1121",160000
"260","F1125",35000
"261","F1134",30000
"262","F1141",40000
"263","F1145",150000
"264","F1150",35000
"265","F1152",480000
"266","F1153",38000
"267","F1159",3e+05
"268","F1161",90000
"269","F1163",30000
"270","F1167",25000
"271","F1169",25000
"272","F1175",6000
"273","F1187",10000
"274","F1189",40000
"275","F1190",54000
"276","F1193",0
"277","F1203",45000
"278","F1207",50000
"279","F1210",60000
"280","F1217",70000
"281","F1220",50000
"282","F1221",10000
"283","F1231",1e+05
"284","F1235",0
"285","F1236",50000
"286","F1240",40000
"287","F1241",130000
"288","F1248",150000
"289","F1252",25000
"290","F1254",32000
"291","F1255",30000
"292","F1256",0
"293","F1258",15000
"294","F1270",80000
"295","F1273",24000
"296","F1276",1e+05
"297","F1281",40000
"298","F1286",60000
"299","F1300",15000
"300","F1301",20000
"301","F1319",30000
"302","F1320",60000
"303","F1323",3500
"304","F1326",2e+05
"305","F1333",0
"306","F1334",0
"307","F1339",60000
"308","F1342",40000
"309","F1343",15000
"310","F1344",50000
"311","F1357",20000
"312","F1358",10000
"313","F1361",90000
"314","F1372",1e+05
"315","F1382",10000
"316","F1386",1e+05
"317","F1402",40000
"318","F1405",20000
"319","F1411",3000
"320","F1414",45000
"321","F1416",150000
"322","F1417",30000
"323","F1426",150000
"324","F1431",50000
"325","F1436",2e+05
"326","F1444",20000
"327","F1455",36000
"328","F1457",10000
"329","F1461",70000
"330","F1462",60000
"331","F1466",12000
"332","F1472",15000
"333","F1492",2e+05
"334","F1499",150000
"335","F1500",35000
"336","F1509",148000
"337","F1510",150000
"338","F1512",0
"339","F1514",360000
"340","F1529",25000
"341","F1535",140000
"342","F1541",2500
"343","F1549",8000
"344","F1550",60000
"345","F1552",85000
"346","F1560",1e+05
"347","F1562",480000
"348","F1563",45000
"349","F1565",24000
"350","F1566",50000
"351","F1571",95000
"352","F1573",70000
"353","F1576",40000
"354","F1578",150000
"355","F1580",35000
"356","F1584",5000
"357","F1588",0
"358","F1596",3000
"359","F1613",1e+05
"360","F1614",0
"361","F1615",150000
"362","F1618",120000
"363","F1619",120000
"364","F1631",25000
"365","F1632",55000
"366","F1635",8960
"367","F1636",150000
"368","F1637",150000
"369","F1638",0
"370","F1640",40000
"371","F1642",150000
"372","F1643",20000
"373","F1648",30000
"374","F1649",5000
"375","F1661",12000
"376","F1664",30000
"377","F1665",75950
"378","F1667",150000
"379","F1669",60000
"380","F1672",30000
"381","F1676",25000
"382","F1686",150000
"383","F1687",50000
"384","F1689",0
"385","F1690",0
"386","F1693",40000
"387","F1695",30000
"388","F1709",40000
"389","F1713",65000
"390","F1719",85000
"391","F1721",1500
"392","F1723",-15000
"393","F1724",10000
"394","F1726",50000
"395","F1727",28000
"396","F1729",60000
"397","F1731",8000
"398","F1736",20000
"399","F1740",8e+05
"400","F1754",150000
"401","F1755",80200
"402","F1756",50000
"403","F1757",-28000
"404","F1758",5000
"405","F1763",10000
"406","F1764",0
"407","F1768",40000
"408","F1774",53000
"409","F1777",15000
"410","F1778",10000
"411","F1783",1e+05
"412","F1784",50000
"413","F1796",50000
"414","F1808",120000
"415","F1813",60000
"416","F1821",50000
"417","F1822",120000
"418","F1832",20000
"419","F1834",115500
"420","F1836",2e+05
"421","F1837",0
"422","F1838",40000
"423","F1846",15000
"424","F1847",40000
"425","F1848",10000
"426","F1854",250000
"427","F1861",4800
"428","F1866",30000
"429","F1870",12000
"430","F1871",0
"431","F1872",15000
"432","F1880",42000
"433","F1882",90000
"434","F1888",5000
"435","F1892",8000
"436","F1900",40000
"437","F1902",750000
"438","F1903",7000
"439","F1904",80000
"440","F1905",6e+05
"441","F1912",150000
"442","F1915",15000
"443","F1916",60000
"444","F1918",4e+05
"445","F1920",125000
"446","F1924",30000
"447","F1925",18000
"448","F1927",10000
"449","F1932",30000
"450","F1934",1e+05
"451","F1935",2000
"452","F1936",0
"453","F1938",60000
"454","F1949",60000
"455","F1953",8000
"456","F1956",54000
"457","F1978",70000
"458","F1980",2e+05
"459","F1983",130000
"460","F1990",170000
"461","F1996",35000
"462","F1999",70000
"463","F2002",20000
"464","F2008",50000
"465","F2021",80000
"466","F2022",55000
"467","F2026",84000
"468","F2027",50000
"469","F2034",15000
"470","F2035",40000
"471","F2037",180000
"472","F2048",15000
"473","F2052",48000
"474","F2053",80000
"475","F2057",60000
"476","F2061",15000
"477","F2063",50000
"478","F2065",30000
"479","F2073",13000
"480","F2075",30000
"481","F2084",15000
"482","F2089",24000
"483","F2096",20000
"484","F2101",134000
"485","F2103",3e+05
"486","F2105",20000
"487","F2107",10000
"488","F2111",12000
"489","F2113",6400
"490","F2118",5000
"491","F2119",40000
"492","F2123",120000
"493","F2124",38000
"494","F2127",30000
"495","F2129",20000
"496","F2136",30000
"497","F2139",40000
"498","F2141",10000
"499","F2147",15000
"500","F2151",25000
"501","F2155",260000
"502","F2160",50000
"503","F2163",45000
"504","F2167",50000
"505","F2185",20000
"506","F2199",5000
"507","F2205",0
"508","F2206",1000
"509","F2209",1e+05
"510","F2210",96000
"511","F2211",15000
"512","F2223",0
"513","F2228",70000
"514","F2230",75000
"515","F2231",10000
"516","F2232",0
"517","F2235",280000
"518","F2244",10000
"519","F2250",5000
"520","F2253",30000
"521","F2257",1e+05
"522","F2263",35000
"523","F2266",20000
"524","F2275",15000
"525","F2278",12000
"526","F2279",18000
"527","F2286",55000
"528","F2288",20000
"529","F2293",60000
"530","F2298",0
"531","F2308",5000
"532","F2311",60000
"533","F2314",25000
"534","F2315",55000
"535","F2316",80000
"536","F2322",50000
"537","F2325",20000
"538","F2329",-150000
"539","F2333",50000
"540","F2335",1000
"541","F2337",65000
"542","F2338",15000
"543","F2339",20000
"544","F2348",8e+05
"545","F2353",75000
"546","F2366",28000
"547","F2368",0
"548","F2372",40000
"549","F2373",450000
"550","F2377",90000
"551","F2381",15000
"552","F2383",41000
"553","F2387",60000
"554","F2390",30000
"555","F2392",150000
"556","F2393",15000
"557","F2398",35000
"558","F2401",10000
"559","F2402",80000
"560","F2408",35000
"561","F2409",150000
"562","F2410",60000
"563","F2414",75000
"564","F2418",80000
"565","F2419",8000
"566","F2427",120000
"567","F2428",10000
"568","F2430",14000
"569","F2434",25000
"570","F2435",25000
"571","F2438",30000
"572","F2441",5000
"573","F2444",28000
"574","F2451",30000
"575","F2456",70000
"576","F2458",18000
"577","F2460",6000
"578","F2461",0
"579","F2468",40000
"580","F2470",120000
"581","F2474",30000
"582","F2479",150000
"583","F2483",30000
"584","F2487",13000
"585","F2488",15000
"586","F2489",37000
"587","F2490",3e+05
"588","F2492",40000
"589","F2495",30000
"590","F2496",45000
"591","F2509",30000
"592","F2512",20000
"593","F2513",20000
"594","F2515",110000
"595","F2517",250000
"596","F2522",0
"597","F2523",5000
"598","F2525",60000
"599","F2528",5000
"600","F2534",8000
"601","F2543",20000
"602","F2550",120000
"603","F2568",30000
"604","F2569",2e+05
"605","F2578",30000
"606","F2599",20000
"607","F2604",50000
"608","F2605",20000
"609","F2610",2500
"610","F2618",28000
"611","F2619",45000
"612","F2620",50000
"613","F2621",10500
"614","F2628",3e+05
"615","F2629",8000
"616","F2642",80000
"617","F2643",15000
"618","F2647",0
"619","F2650",30000
"620","F2652",37000
"621","F2656",1e+05
"622","F2668",15000
"623","F2675",75000
"624","F2677",8000
"625","F2680",15000
"626","F2681",5000
"627","F2684",3e+05
"628","F2685",5000
"629","F2688",70000
"630","F2691",150000
"631","F2693",15000
"632","F2696",80000
"633","F2699",18000
"634","F2706",20000
"635","F2716",7000
"636","F2723",5000
"637","F2724",60000
"638","F2727",36500
"639","F2741",30000
"640","F2745",120000
"641","F2748",30000
"642","F2756",75000
"643","F2761",10000
"644","F2769",-88
"645","F2781",30000
"646","F2782",0
"647","F2785",60000
"648","F2787",8000
"649","F2790",10000
"650","F2791",30000
"651","F2795",40000
"652","F2799",195000
"653","F2805",1e+05
"654","F2806",20000
"655","F2807",4e+05
"656","F2810",60000
"657","F2821",-15000
"658","F2828",120000
"659","F2833",10000
"660","F2838",30000
"661","F2841",110000
"662","F2847",150000
"663","F2855",5000
"664","F2860",35000
"665","F2870",20000
"666","F2871",30000
"667","F2872",90000
"668","F2875",1e+05
"669","F2880",25000
"670","F2882",10000
"671","F2885",56000
"672","F2889",70000
"673","F2890",40000
"674","F2894",60000
"675","F2896",10000
"676","F2901",12000
"677","F2903",20000
"678","F2906",1e+05
"679","F2912",30000
"680","F2915",20000
"681","F2927",12000
"682","F2929",30000
"683","F2930",60000
"684","F2934",45000
"685","F2940",90000
"686","F2941",15000
"687","F2949",20000
"688","F2950",10000
"689","F2953",17000
"690","F2954",3e+05
"691","F2957",0
"692","F2961",15000
"693","F2969",42500
"694","F2972",15000
"695","F2983",46000
"696","F2985",15000
"697","F2992",225000
"698","F2993",110000
"699","F2999",60000
"700","F3006",30000
"701","F3010",35000
"702","F3012",160000
"703","F3015",10000
"704","F3019",4e+05
"705","F3020",20000
"706","F3024",20000
"707","F3032",30000
"708","F3036",0
"709","F3043",50000
"710","F3050",15000
"711","F3059",120000
"712","F3060",15000
"713","F3066",15000
"714","F3067",45000
"715","F3070",20000
"716","F3073",15000
"717","F3074",0
"718","F3075",2e+05
"719","F3076",70000
"720","F3089",59000
"721","F3095",50000
"722","F3096",60000
"723","F3103",3e+05
"724","F3107",0
"725","F3109",390000
"726","F3110",30000
"727","F3124",64000
"728","F3125",25000
"729","F3129",0
"730","F3130",80000
"731","F3131",0
"732","F3133",63000
"733","F3134",45000
"734","F3140",60000
"735","F3144",5000
"736","F3146",7000
"737","F3155",0
"738","F3159",25000
"739","F3163",60000
"740","F3166",50000
"741","F3174",30000
"742","F3181",75000
"743","F3185",35000
"744","F3191",1e+05
"745","F3196",20000
"746","F3207",40000
"747","F3212",0
"748","F3213",40000
"749","F3217",60000
"750","F3220",8000
"751","F3225",160000
"752","F3239",2e+05
"753","F3242",30000
"754","F3253",72000
"755","F3254",45000
"756","F3255",120000
"757","F3258",15000
"758","F3259",150000
"759","F3263",6000
"760","F3269",60000
"761","F3270",35000
"762","F3277",30000
"763","F3278",0
"764","F3285",20000
"765","F3287",25000
"766","F3288",45000
"767","F3293",-40000
"768","F3294",35000
"769","F3299",2e+05
"770","F3302",175000
"771","F3303",0
"772","F3304",12000
"773","F3305",30000
"774","F3309",70000
"775","F3313",1e+05
"776","F3318",40000
"777","F3319",1e+05
"778","F3327",2e+05
"779","F3330",70000
"780","F3331",80000
"781","F3333",0
"782","F3337",1e+05
"783","F3339",36000
"784","F3347",15000
"785","F3355",15000
"786","F3357",40000
"787","F3361",60000
"788","F3366",30000
"789","F3371",20000
"790","F3376",21000
"791","F3382",68000
"792","F3390",2e+05
"793","F3400",15000
"794","F3401",45000
"795","F3408",156000
"796","F3416",60000
"797","F3426",25000
"798","F3429",30000
"799","F3433",20000
"800","F3437",75000
"801","F3442",7200
"802","F3444",30000
"803","F3447",5000
"804","F3464",150000
"805","F3465",150000
"806","F3473",4000
"807","F3474",24000
"808","F3475",75000
"809","F3476",50000
"810","F3477",20800
"811","F3479",40000
"812","F3483",12000
"813","F3487",85000
"814","F3494",15000
"815","F3499",15000
"816","F3504",10000
"817","F3513",2e+05
"818","F3519",50000
"819","F3520",150000
"820","F3530",96000
"821","F3531",3000
"822","F3532",30000
"823","F3536",10000
"824","F3556",60000
"825","F3560",20000
"826","F3563",80000
"827","F3566",50000
"828","F3567",-15000
"829","F3568",60000
"830","F3573",20000
"831","F3574",35000
"832","F3579",30000
"833","F3581",0
"834","F3582",25000
"835","F3586",24000
"836","F3589",5000
"837","F3590",40000
"838","F3602",40000
"839","F3603",30000
"840","F3606",65000
"841","F3609",75000
"842","F3611",70000
"843","F3617",40000
"844","F3621",20000
"845","F3624",35000
"846","F3629",75000
"847","F3638",40000
"848","F3639",120000
"849","F3643",0
"850","F3644",56300
"851","F3645",0
"852","F3659",150000
"853","F3669",32000
"854","F3670",150000
"855","F3672",150000
"856","F3673",105000
"857","F3680",30000
"858","F3686",1e+05
"859","F3687",15500
"860","F3693",15000
"861","F3695",3500000
"862","F3703",650000
"863","F3704",28000
"864","F3715",88000
"865","F3717",0
"866","F3723",40000
"867","F3727",50000
"868","F3729",79000
"869","F3734",8000
"870","F3736",0
"871","F3738",70000
"872","F3743",30000
"873","F3749",120000
"874","F3755",27000
"875","F3762",20000
"876","F3775",56000
"877","F3776",30000
"878","F3779",150000
"879","F3782",30000
"880","F3783",84000
"881","F3789",10000
"882","F3794",0
"883","F3800",35000
"884","F3802",30000
"885","F3803",50000
"886","F3811",10000
"887","F3818",0
"888","F3819",48000
"889","F3822",90000
"890","F3824",10000
"891","F3836",211000
"892","F3839",45000
"893","F3840",350000
"894","F3843",15000
"895","F3844",30000
"896","F3845",5000
"897","F3848",20000
"898","F3849",72000
"899","F3855",60000
"900","F3864",1e+05
"901","F3865",20000
"902","F3872",20000
"903","F3875",120000
"904","F3876",40000
"905","F3880",1e+05
"906","F3884",12000
"907","F3892",15000
"908","F3893",60000
"909","F3894",60000
"910","F3896",30000
"911","F3897",0
"912","F3901",90000
"913","F3904",5e+05
"914","F3910",5000
"915","F3913",70000
"916","F3917",35000
"917","F3922",20000
"918","F3927",18000
"919","F3933",70000
"920","F3934",50000
"921","F3937",6000
"922","F3939",40000
"923","F3946",70000
"924","F3947",85000
"925","F3956",28000
"926","F3957",30000
"927","F3963",20000
"928","F3965",6000
"929","F3968",72000
"930","F3971",40000
"931","F3981",47000
"932","F3984",130000
"933","F3985",350000
"934","F3990",40000
"935","F3991",70000
"936","F3992",0
"937","F3997",120000
"938","F4007",150000
"939","F4008",4000
"940","F4009",1e+05
"941","F4015",10000
"942","F4021",1e+05
"943","F4024",70000
"944","F4029",25000
"945","F4031",240000
"946","F4033",3e+05
"947","F4036",20000
"948","F4039",15000
"949","F4040",90000
"950","F4042",30000
"951","F4043",20000
"952","F4049",30000
"953","F4050",17000
"954","F4067",15000
"955","F4069",10000
"956","F4075",25000
"957","F4076",21200
"958","F4077",50000
"959","F4083",2800
"960","F4085",72000
"961","F4087",7000
"962","F4090",4800
"963","F4092",30000
"964","F4103",60000
"965","F4108",25000
"966","F4117",120000
"967","F4118",1e+05
"968","F4120",12000
"969","F4123",15000
"970","F4124",15000
"971","F4131",30500
"972","F4133",12000
"973","F4136",60000
"974","F4138",1e+05
"975","F4139",60000
"976","F4147",50000
"977","F4149",50000
"978","F4157",17000
"979","F4159",80000
"980","F4162",50000
"981","F4169",8000
"982","F4200",35000
"983","F4201",20000
"984","F4205",90000
"985","F4210",1000
"986","F4214",60000
"987","F4221",95000
"988","F4224",52000
"989","F4225",5000
"990","F4238",10000
"991","F4250",75000
"992","F4256",20000
"993","F4260",25600
"994","F4261",50000
"995","F4262",0
"996","F4266",60000
"997","F4267",35500
"998","F4269",50000
"999","F4276",10000
"1000","F4282",68000
"1001","F4283",30000
"1002","F4284",93000
"1003","F4287",1e+05
"1004","F4290",4e+05
"1005","F4294",10000
"1006","F4301",15000
"1007","F4302",15000
"1008","F4312",250000
"1009","F4315",20000
"1010","F4319",27000
"1011","F4320",120000
"1012","F4323",0
"1013","F4327",35000
"1014","F4328",84000
"1015","F4331",10000
"1016","F4335",80000
"1017","F4336",80000
"1018","F4342",15000
"1019","F4344",50000
"1020","F4347",0
"1021","F4351",60000
"1022","F4383",10000
"1023","F4386",3000
"1024","F4393",20000
"1025","F4399",90000
"1026","F4406",425000
"1027","F4407",1e+05
"1028","F4408",80000
"1029","F4410",40000
"1030","F4413",0
"1031","F4417",1e+05
"1032","F4418",30000
"1033","F4421",5000
"1034","F4423",240000
"1035","F4424",90000
"1036","F4429",12000
"1037","F4437",50000
"1038","F4440",338000
"1039","F4441",75000
"1040","F4446",12500
"1041","F4447",2e+05
"1042","F4457",10500
"1043","F4469",150000
"1044","F4473",50000
"1045","F4476",60000
"1046","F4492",20000
"1047","F4499",40000
"1048","F4501",25000
"1049","F4505",12000
"1050","F4507",20000
"1051","F4516",5000
"1052","F4520",15000
"1053","F4523",15000
"1054","F4531",18000
"1055","F4542",30000
"1056","F4544",2e+05
"1057","F4545",15000
"1058","F4547",30000
"1059","F4557",30000
"1060","F4559",0
"1061","F4569",25000
"1062","F4571",30000
"1063","F4579",42800
"1064","F4581",2e+05
"1065","F4583",10000
"1066","F4586",3000
"1067","F4588",80000
"1068","F4591",10000
"1069","F4595",2e+05
"1070","F4596",25000
"1071","F4599",1e+05
"1072","F4600",330000
"1073","F4612",1e+05
"1074","F4613",150000
"1075","F4615",20000
"1076","F4619",20000
"1077","F4621",6e+05
"1078","F4623",2300
"1079","F4629",40000
"1080","F4631",20000
"1081","F4634",11000
"1082","F4635",18000
"1083","F4639",80000
"1084","F4648",50000
"1085","F4658",20000
"1086","F4669",150000
"1087","F4670",50000
"1088","F4674",32000
"1089","F4680",90000
"1090","F4683",20000
"1091","F4685",50000
"1092","F4686",150000
"1093","F4687",1e+05
"1094","F4688",0
"1095","F4691",80000
"1096","F4692",2000
"1097","F4694",35000
"1098","F4698",35000
"1099","F4701",75000
"1100","F4702",48000
"1101","F4703",1000
"1102","F4710",25000
"1103","F4719",57000
"1104","F4720",120000
"1105","F4723",15000
"1106","F4724",30000
"1107","F4743",40000
"1108","F4747",4800
"1109","F4749",20065
"1110","F4752",120000
"1111","F4758",20000
"1112","F4759",15000
"1113","F4760",35000
"1114","F4762",4000
"1115","F4763",15000
"1116","F4765",12000
"1117","F4772",35000
"1118","F4777",5000
"1119","F4779",40000
"1120","F4783",150000
"1121","F4789",60000
"1122","F4794",20000
"1123","F4799",20000
"1124","F4801",22000
"1125","F4806",70000
"1126","F4807",50000
"1127","F4811",150000
"1128","F4826",25200
"1129","F4827",50000
"1130","F4828",30000
"1131","F4831",67000
"1132","F4832",15000
"1133","F4841",70000
"1134","F4845",6500000
"1135","F4847",160000
"1136","F4850",20000
"1137","F4851",12000
"1138","F4856",65000
"1139","F4861",60000
"1140","F4863",1e+05
"1141","F4866",20000
"1142","F4867",50000
"1143","F4871",20000
"1144","F4877",25000
"1145","F4881",160000
"1146","F4883",50000
"1147","F4884",30000
"1148","F4895",15000
"1149","F4903",25000
"1150","F4909",20000
"1151","F4910",40000
"1152","F4913",20000
"1153","F4917",30000
"1154","F4921",1e+05
"1155","F4943",25000
"1156","F4944",10000
"1157","F4946",70000
"1158","F4953",30000
"1159","F4956",0
"1160","F4959",55000
"1161","F4962",1e+05
"1162","F4976",45000
"1163","F4977",18000
"1164","F4978",35000
"1165","F4980",1e+05
"1166","F4981",15000
"1167","F4983",150000
"1168","F4987",25000
"1169","F4988",25000
"1170","F4992",65000
"1171","F4994",170000
"1172","F4996",3e+05
"1173","F4997",75000
"1174","F5001",50000
"1175","F5004",3e+05
"1176","F5006",30000
"1177","F5007",22500
"1178","F5016",9000
"1179","F5019",20000
"1180","F5026",6000
"1181","F5050",40000
"1182","F5052",90000
"1183","F5054",32000
"1184","F5057",85000
"1185","F5058",40000
"1186","F5065",50000
"1187","F5075",60000
"1188","F5083",10000
"1189","F5085",10000
"1190","F5091",20000
"1191","F5110",15000
"1192","F5112",15000
"1193","F5115",9000
"1194","F5122",1e+05
"1195","F5126",20000
"1196","F5138",50000
"1197","F5140",50000
"1198","F5141",50000
"1199","F5158",50000
"1200","F5167",50000
"1201","F5176",20000
"1202","F5179",2e+05
"1203","F5185",32000
"1204","F5192",20000
"1205","F5197",60000
"1206","F5199",1e+05
"1207","F5201",60000
"1208","F5206",80000
"1209","F5211",60000
"1210","F5213",49000
"1211","F5215",120000
"1212","F5216",40000
"1213","F5217",2e+05
"1214","F5223",70000
"1215","F5224",8000
"1216","F5227",90000
"1217","F5228",36000
"1218","F5237",30000
"1219","F5258",0
"1220","F5259",33000
"1221","F5261",15000
"1222","F5263",250000
"1223","F5265",150000
"1224","F5267",25000
"1225","F5268",35000
"1226","F5272",30000
"1227","F5273",20000
"1228","F5275",15000
"1229","F5279",0
"1230","F5281",1e+05
"1231","F5287",6000
"1232","F5288",150000
"1233","F5292",1e+05
"1234","F5298",8000
"1235","F5300",15000
"1236","F5308",18000
"1237","F5311",15000
"1238","F5312",150000
"1239","F5314",25000
"1240","F5323",30000
"1241","F5324",48000
"1242","F5325",150000
"1243","F5327",36000
"1244","F5328",35000
"1245","F5330",36000
"1246","F5336",12170
"1247","F5345",15000
"1248","F5352",5000
"1249","F5353",77000
"1250","F5358",150000
"1251","F5368",50000
"1252","F5378",30000
"1253","F5381",24000
"1254","F5384",0
"1255","F5386",15000
"1256","F5389",30000
"1257","F5390",2e+05
"1258","F5398",50000
"1259","F5403",4000
"1260","F5413",12000
"1261","F5414",87000
"1262","F5417",20000
"1263","F5419",0
"1264","F5425",10000
"1265","F5426",4e+05
"1266","F5431",40000
"1267","F5432",5000
"1268","F5443",5000
"1269","F5445",20000
"1270","F5447",350000
"1271","F5449",0
"1272","F5459",15000
"1273","F5460",80000
"1274","F5480",15000
"1275","F5481",80000
"1276","F5483",5000
"1277","F5486",170000
"1278","F5491",30000
"1279","F5493",20000
"1280","F5494",30000
"1281","F5495",6000
"1282","F5501",10000
"1283","F5503",50000
"1284","F5504",5000
"1285","F5509",60000
"1286","F5510",2e+05
"1287","F5511",86000
"1288","F5517",5000
"1289","F5518",25000
"1290","F5531",8000
"1291","F5536",20000
"1292","F5539",158000
"1293","F5547",40000
"1294","F5548",20000
"1295","F5554",5000
"1296","F5556",120000
"1297","F5561",60000
"1298","F5565",150000
"1299","F5569",180000
"1300","F5572",50000
"1301","F5578",4e+05
"1302","F5581",35000
"1303","F5587",6000
"1304","F5589",104000
"1305","F5594",180000
"1306","F5600",-50000
"1307","F5601",25000
"1308","F5605",3000
"1309","F5611",8000
"1310","F5613",16500
"1311","F5615",18000
"1312","F5621",3e+05
"1313","F5622",38000
"1314","F5624",44000
"1315","F5625",1e+05
"1316","F5628",30000
"1317","F5630",60000
"1318","F5653",20000
"1319","F5662",204000
"1320","F5669",10000
"1321","F5673",6000
"1322","F5675",90000
"1323","F5683",18000
"1324","F5684",0
"1325","F5687",-15000
"1326","F5688",50000
"1327","F5690",30000
"1328","F5698",4000
"1329","F5702",1e+05
"1330","F5707",50000
"1331","F5712",10000
"1332","F5715",20000
"1333","F5722",10000
"1334","F5733",10000
"1335","F5734",60000
"1336","F5739",20000
"1337","F5741",40000
"1338","F5743",20000
"1339","F5750",65000
"1340","F5751",50000
"1341","F5760",52200
"1342","F5765",13000
"1343","F5767",5e+05
"1344","F5769",0
"1345","F5774",55000
"1346","F5776",150000
"1347","F5792",150000
"1348","F5795",8000
"1349","F5796",35000
"1350","F5804",30000
"1351","F5805",0
"1352","F5806",1e+05
"1353","F5807",250000
"1354","F5810",7000
"1355","F5811",2e+05
"1356","F5814",20000
"1357","F5815",5000
"1358","F5817",30000
"1359","F5831",120000
"1360","F5839",5500
"1361","F5840",3e+05
"1362","F5847",25000
"1363","F5851",45000
"1364","F5867",5e+05
"1365","F5868",35000
"1366","F5870",50000
"1367","F5873",150000
"1368","F5877",0
"1369","F5881",15000
"1370","F5888",64000
"1371","F5894",240000
"1372","F5901",16000
"1373","F5905",20000
"1374","F5908",8000
"1375","F5917",4e+05
"1376","F5920",500
"1377","F5921",2e+06
"1378","F5924",28000
"1379","F5925",150000
"1380","F5933",32000
"1381","F5937",1e+05
"1382","F5938",1e+05
"1383","F5946",50000
"1384","F5947",20000
"1385","F5949",20000
"1386","F5951",63000
"1387","F5964",8000
"1388","F5965",10000
"1389","F5972",0
"1390","F5973",33000
"1391","F5981",40000
"1392","F5986",35000
"1393","F5988",80000
"1394","F5989",20000
"1395","F5991",9000
"1396","F5998",320000
"1397","F6013",70050
"1398","F6020",12000
"1399","F6023",8000
"1400","F6026",80000
"1401","F6027",4e+05
"1402","F6029",15000
"1403","F6033",40000
"1404","F6034",10000
"1405","F6045",10000
"1406","F6049",30000
"1407","F6050",1e+05
"1408","F6052",30000
"1409","F6054",60000
"1410","F6059",120000
"1411","F6063",25000
"1412","F6067",30000
"1413","F6069",52000
"1414","F6076",10000
"1415","F6089",50000
"1416","F6098",54000
"1417","F6099",30000
"1418","F6108",1e+05
"1419","F6118",20000
"1420","F6120",36000
"1421","F6121",18000
"1422","F6125",50000
"1423","F6131",156000
"1424","F6132",3e+05
"1425","F6135",70000
"1426","F6136",30000
"1427","F6142",12000
"1428","F6146",5000
"1429","F6152",25000
"1430","F6157",15000
"1431","F6158",60000
"1432","F6164",2000
"1433","F6165",4e+05
"1434","F6174",35000
"1435","F6176",3e+05
"1436","F6180",12000
"1437","F6184",60000
"1438","F6186",30000
"1439","F6188",45000
"1440","F6190",70000
"1441","F6196",50000
"1442","F6199",45000
"1443","F6201",15000
"1444","F6204",35000
"1445","F6209",50000
"1446","F6211",40000
"1447","F6224",1e+05
"1448","F6226",12000
"1449","F6229",50000
"1450","F6230",7000
"1451","F6234",125000
"1452","F6236",0
"1453","F6238",35000
"1454","F6241",30000
"1455","F6244",16000
"1456","F6251",2e+05
"1457","F6252",50000
"1458","F6258",23400
"1459","F6260",2000
"1460","F6276",210000
"1461","F6280",90000
"1462","F6281",10000
"1463","F6282",50000
"1464","F6285",1000
"1465","F6292",1600
"1466","F6296",25000
"1467","F6311",75000
"1468","F6315",25000
"1469","F6319",12000
"1470","F6321",60000
"1471","F6325",60000
"1472","F6326",15000
"1473","F6334",10000
"1474","F6338",20000
"1475","F6345",60000
"1476","F6347",15000
"1477","F6349",472000
"1478","F6364",50000
"1479","F6366",5000
"1480","F6371",50000
"1481","F6372",80000
"1482","F6374",0
"1483","F6379",0
"1484","F6389",100005
"1485","F6392",1e+05
"1486","F6396",10000
"1487","F6402",8e+05
"1488","F6403",60000
"1489","F6409",170000
"1490","F6422",45000
"1491","F6436",20000
"1492","F6437",10000
"1493","F6447",15000
"1494","F6454",40000
"1495","F6466",1200000
"1496","F6468",10000
"1497","F6470",20000
"1498","F6473",139200
"1499","F6476",30000
"1500","F6478",35000
"1501","F6481",10000
"1502","F6486",45000
"1503","F6489",2e+05
"1504","F6491",5000
"1505","F6493",10000
"1506","F6495",5000
"1507","F6496",80000
"1508","F6499",150000
"1509","F6512",30000
"1510","F6517",52000
"1511","F6518",25000
"1512","F6521",5200
"1513","F6522",15000
"1514","F6523",1e+05
"1515","F6528",15000
"1516","F6529",35000
"1517","F6531",10000
"1518","F6538",1800
"1519","F6539",50000
"1520","F6542",0
"1521","F6545",12000
"1522","F6548",1e+05
"1523","F6549",8000
"1524","F6554",17000
"1525","F6568",15000
"1526","F6569",15000
"1527","F6571",60000
"1528","F6572",40000
"1529","F6577",15000
"1530","F6578",3e+05
"1531","F6582",25000
"1532","F6584",30000
"1533","F6590",150000
"1534","F6591",20000
"1535","F6596",30000
"1536","F6600",50000
"1537","F6606",360000
"1538","F6607",60000
"1539","F6617",215000
"1540","F6621",65000
"1541","F6629",10000
"1542","F6636",40000
"1543","F6642",20200
"1544","F6646",25000
"1545","F6648",50000
"1546","F6658",38200
"1547","F6659",25000
"1548","F6664",22000
"1549","F6670",30000
"1550","F6674",7000
"1551","F6675",20000
"1552","F6677",7000
"1553","F6681",35000
"1554","F6687",1e+05
"1555","F6691",50000
"1556","F6693",15000
"1557","F6700",20000
"1558","F6701",50000
"1559","F6706",75000
"1560","F6711",10000
"1561","F6713",3e+05
"1562","F6717",15000
"1563","F6725",90000
"1564","F6741",60000
"1565","F6751",15000
"1566","F6759",15000
"1567","F6760",90000
"1568","F6764",65000
"1569","F6771",40000
"1570","F6774",20000
"1571","F6780",108000
"1572","F6781",135000
"1573","F6792",25000
"1574","F6795",50000
"1575","F6801",75000
"1576","F6803",60000
"1577","F6807",26000
"1578","F6808",8000
"1579","F6810",20000
"1580","F6813",70000
"1581","F6814",60000
"1582","F6820",120000
"1583","F6821",130000
"1584","F6824",250000
"1585","F6828",3e+05
"1586","F6829",20000
"1587","F6831",45000
"1588","F6842",10000
"1589","F6847",30000
"1590","F6848",30000
"1591","F6852",30000
"1592","F6856",3000
"1593","F6862",84400
"1594","F6867",42000
"1595","F6871",150000
"1596","F6880",15000
"1597","F6890",20000
"1598","F6891",1e+05
"1599","F6896",60000
"1600","F6898",30000
"1601","F6905",90000
"1602","F6910",15000
"1603","F6912",3e+05
"1604","F6914",90000
"1605","F6917",50000
"1606","F6924",20000
"1607","F6925",2e+05
"1608","F6930",25000
"1609","F6934",80000
"1610","F6935",25000
"1611","F6939",0
"1612","F6943",150000
"1613","F6945",1e+05
"1614","F6951",65000
"1615","F6954",27000
"1616","F6963",80000
"1617","F6970",5000
"1618","F6972",60000
"1619","F6974",20000
"1620","F6976",40000
"1621","F6977",25000
"1622","F6979",45000
"1623","F6983",11000
"1624","F6986",15000
"1625","F6989",20000
"1626","F6991",52000
"1627","F6995",50000
"1628","F6997",40000
"1629","F7001",14000
"1630","F7003",0
"1631","F7006",20000
"1632","F7014",35000
"1633","F7017",2000
"1634","F7031",15000
"1635","F7033",28000
"1636","F7034",15000
"1637","F7038",45000
"1638","F7040",40000
"1639","F7052",15000
"1640","F7053",5000
"1641","F7058",60000
"1642","F7059",70000
"1643","F7065",4e+05
"1644","F7072",45000
"1645","F7073",0
"1646","F7079",50000
"1647","F7080",55000
"1648","F7085",25000
"1649","F7093",60000
"1650","F7101",1e+05
"1651","F7105",16000
"1652","F7111",0
"1653","F7112",72000
"1654","F7115",18000
"1655","F7121",10000
"1656","F7129",50000
"1657","F7132",1e+05
"1658","F7134",1e+05
"1659","F7139",35000
"1660","F7146",3000
"1661","F7148",20000
"1662","F7151",25000
"1663","F7159",0
"1664","F7163",40000
"1665","F7165",40000
"1666","F7167",364000
"1667","F7168",2500
"1668","F7170",68000
"1669","F7172",180000
"1670","F7173",25000
"1671","F7178",39000
"1672","F7179",25000
"1673","F7182",50000
"1674","F7184",20000
"1675","F7210",20000
"1676","F7214",0
"1677","F7227",85000
"1678","F7229",75000
"1679","F7240",20000
"1680","F7248",80000
"1681","F7257",50000
"1682","F7258",15000
"1683","F7261",150000
"1684","F7265",10000
"1685","F7266",150000
"1686","F7269",180000
"1687","F7271",20000
"1688","F7274",30000
"1689","F7279",10000
"1690","F7290",3000
"1691","F7300",0
"1692","F7307",40000
"1693","F7310",8000
"1694","F7315",35000
"1695","F7316",0
"1696","F7318",6000
"1697","F7325",25000
"1698","F7326",20000
"1699","F7333",25000
"1700","F7340",264000
"1701","F7343",72000
"1702","F7350",60000
"1703","F7354",0
"1704","F7355",15000
"1705","F7356",30000
"1706","F7367",9000
"1707","F7369",90000
"1708","F7372",95000
"1709","F7374",30000
"1710","F7375",75000
"1711","F7378",6e+05
"1712","F7381",10000
"1713","F7382",25000
"1714","F7386",48000
"1715","F7387",40000
"1716","F7392",10000
"1717","F7393",15000
"1718","F7395",15000
"1719","F7396",30000
"1720","F7399",0
"1721","F7413",20000
"1722","F7414",60000
"1723","F7421",30000
"1724","F7423",0
"1725","F7428",40000
"1726","F7431",2000
"1727","F7434",2500
"1728","F7435",-88
"1729","F7438",10000
"1730","F7442",1e+05
"1731","F7443",5000
"1732","F7447",120000
"1733","F7448",1e+05
"1734","F7449",28000
"1735","F7450",9000
"1736","F7451",20000
"1737","F7468",5000
"1738","F7469",95000
"1739","F7472",25000
"1740","F7474",70000
"1741","F7481",30000
"1742","F7484",120000
"1743","F7485",9000
"1744","F7488",50000
"1745","F7493",30000
"1746","F7495",2e+05
"1747","F7498",40000
"1748","F7499",85000
"1749","F7509",15000
"1750","F7512",10000
"1751","F7525",1e+05
"1752","F7532",3e+05
"1753","F7537",120000
"1754","F7539",250000
"1755","F7540",550000
"1756","F7549",6000
"1757","F7553",80000
"1758","F7554",320000
"1759","F7564",13000
"1760","F7576",30000
"1761","F7578",65000
"1762","F7594",60000
"1763","F7596",4e+05
"1764","F7600",50000
"1765","F7602",1000
"1766","F7605",120000
"1767","F7611",2e+05
"1768","F7614",25000
"1769","F7615",20000
"1770","F7619",30000
"1771","F7623",40000
"1772","F7624",55000
"1773","F7626",25000
"1774","F7629",9100
"1775","F7632",20000
"1776","F7635",0
"1777","F7640",1e+05
"1778","F7652",40000
"1779","F7657",30000
"1780","F7670",80000
"1781","F7673",120000
"1782","F7685",2e+05
"1783","F7687",0
"1784","F7690",0
"1785","F7692",40000
"1786","F7695",45000
"1787","F7703",12000
"1788","F7708",2000
"1789","F7709",2000
"1790","F7712",160000
"1791","F7714",560000
"1792","F7719",-240000
"1793","F7721",12000
"1794","F7729",10000
"1795","F7730",48000
"1796","F7733",240000
"1797","F7736",115000
"1798","F7742",25000
"1799","F7743",25000
"1800","F7747",20000
"1801","F7748",5000
"1802","F7751",175000
"1803","F7752",16000
"1804","F7759",30000
"1805","F7763",70000
"1806","F7766",30000
"1807","F7767",40000
"1808","F7775",20000
"1809","F7782",75000
"1810","F7783",8000
"1811","F7787",70000
"1812","F7789",0
"1813","F7794",240000
"1814","F7805",2e+05
"1815","F7814",60000
"1816","F7816",150000
"1817","F7819",50000
"1818","F7822",65000
"1819","F7825",250000
"1820","F7830",80000
"1821","F7838",15000
"1822","F7839",50000
"1823","F7843",65000
"1824","F7849",35000
"1825","F7850",20000
"1826","F7853",45000
"1827","F7854",6400
"1828","F7860",25000
"1829","F7867",20000
"1830","F7869",0
"1831","F7875",240000
"1832","F7877",30000
"1833","F7881",60000
"1834","F7894",60000
"1835","F7895",120000
"1836","F7900",8000
"1837","F7904",38000
"1838","F7905",92000
"1839","F7909",30000
"1840","F7912",20000
"1841","F7913",15000
"1842","F7920",308000
"1843","F7932",50000
"1844","F7936",50000
"1845","F7937",40000
"1846","F7942",40000
"1847","F7945",150000
"1848","F7948",3e+05
"1849","F7964",53000
"1850","F7967",50000
"1851","F7968",520000
"1852","F7976",3000
"1853","F7977",330000
"1854","F7979",20000
"1855","F7981",60000
"1856","F7989",15000
"1857","F7992",50000
"1858","F7995",30000
"1859","F7999",2000
"1860","F8002",50000
"1861","F8005",10000
"1862","F8007",22500
"1863","F8010",1500000
"1864","F8013",60000
"1865","F8014",54000
"1866","F8017",15000
"1867","F8019",80000
"1868","F8023",35000
"1869","F8026",1e+05
"1870","F8028",4e+05
"1871","F8030",10000
"1872","F8032",27000
"1873","F8036",7200
"1874","F8038",42000
"1875","F8039",250000
"1876","F8042",35000
"1877","F8043",80000
"1878","F8044",1e+05
"1879","F8046",5000
"1880","F8049",35000
"1881","F8055",90000
"1882","F8056",150000
"1883","F8057",150000
"1884","F8062",15000
"1885","F8072",2e+05
"1886","F8076",10500
"1887","F8077",60000
"1888","F8085",60000
"1889","F8089",45000
"1890","F8103",50000
"1891","F8110",12000
"1892","F8123",5000
"1893","F8126",30000
"1894","F8127",25000
"1895","F8135",0
"1896","F8137",0
"1897","F8141",35000
"1898","F8143",12000
"1899","F8153",61000
"1900","F8160",60000
"1901","F8172",20000
"1902","F8177",45000
"1903","F8193",10000
"1904","F8194",150000
"1905","F8196",50000
"1906","F8199",50000
"1907","F8200",210000
"1908","F8213",30000
"1909","F8215",20000
"1910","F8217",40000
"1911","F8218",60000
"1912","F8220",45000
"1913","F8221",80000
"1914","F8229",240000
"1915","F8232",520000
"1916","F8236",12000
"1917","F8245",40000
"1918","F8247",50000
"1919","F8258",50000
"1920","F8260",120000
"1921","F8276",50000
"1922","F8285",182000
"1923","F8287",60000
"1924","F8294",10000
"1925","F8296",50000
"1926","F8298",30000
"1927","F8299",30000
"1928","F8302",3500
"1929","F8303",25000
"1930","F8310",15000
"1931","F8311",20000
"1932","F8313",20000
"1933","F8317",0
"1934","F8320",40000
"1935","F8321",63000
"1936","F8327",25000
"1937","F8328",15000
"1938","F8332",50000
"1939","F8336",50000
"1940","F8339",15000
"1941","F8342",2500
"1942","F8343",8200
"1943","F8344",50000
"1944","F8353",10000
"1945","F8362",20000
"1946","F8363",20000
"1947","F8367",60000
"1948","F8371",30000
"1949","F8372",20000
"1950","F8382",35000
"1951","F8392",5000
"1952","F8395",50000
"1953","F8397",420000
"1954","F8398",0
"1955","F8403",70000
"1956","F8407",35000
"1957","F8408",0
"1958","F8409",20000
"1959","F8413",40000
"1960","F8416",0
"1961","F8420",90000
"1962","F8433",30000
"1963","F8435",30000
"1964","F8436",40000
"1965","F8445",384000
"1966","F8447",10000
"1967","F8448",20000
"1968","F8454",45000
"1969","F8467",45000
"1970","F8469",218000
"1971","F8470",30000
"1972","F8475",130000
"1973","F8476",140000
"1974","F8497",30000
"1975","F8499",140000
"1976","F8511",0
"1977","F8513",27500
"1978","F8514",120000
"1979","F8516",40000
"1980","F8518",50000
"1981","F8521",40000
"1982","F8527",15000
"1983","F8532",60000
"1984","F8537",150000
"1985","F8539",25000
"1986","F8540",80000
"1987","F8547",40000
"1988","F8549",15000
"1989","F8552",45000
"1990","F8554",50000
"1991","F8557",50000
"1992","F8562",34000
"1993","F8567",0
"1994","F8568",0
"1995","F8574",15000
"1996","F8575",30000
"1997","F8584",5e+05
"1998","F8592",18000
"1999","F8600",70000
"2000","F8601",30000
"2001","F8605",250000
"2002","F8608",15000
"2003","F8618",45000
"2004","F8619",20000
"2005","F8620",12000
"2006","F8621",3e+05
"2007","F8627",30000
"2008","F8630",15000
"2009","F8632",50000
"2010","F8635",45000
"2011","F8636",2000
"2012","F8638",115000
"2013","F8639",1000
"2014","F8646",50000
"2015","F8653",0
"2016","F8655",80000
"2017","F8656",18000
"2018","F8658",0
"2019","F8660",30000
"2020","F8662",34000
"2021","F8669",1e+05
"2022","F8670",12000
"2023","F8674",50000
"2024","F8681",80000
"2025","F8682",0
"2026","F8688",18000
"2027","F8689",20000
"2028","F8690",78000
"2029","F8717",150000
"2030","F8720",25000
"2031","F8728",2000
"2032","F8735",140000
"2033","F8737",50000
"2034","F8758",1e+05
"2035","F8767",7000
"2036","F8772",32000
"2037","F8775",5000
"2038","F8779",112000
"2039","F8781",50000
"2040","F8783",30000
"2041","F8792",2e+06
"2042","F8799",0
"2043","F8809",65000
"2044","F8813",40000
"2045","F8828",44000
"2046","F8833",4000
"2047","F8844",120000
"2048","F8852",25000
"2049","F8866",12000
"2050","F8871",15000
"2051","F8880",36000
"2052","F8881",450000
"2053","F8882",30000
"2054","F8883",5000
"2055","F8887",80000
"2056","F8892",40000
"2057","F8893",150000
"2058","F8894",15000
"2059","F8895",150000
"2060","F8896",60000
"2061","F8903",15000
"2062","F8908",18000
"2063","F8911",80000
"2064","F8925",50000
"2065","F8926",10000
"2066","F8927",26000
"2067","F8930",10000
"2068","F8933",15000
"2069","F8934",150000
"2070","F8936",30000
"2071","F8946",50000
"2072","F8947",15000
"2073","F8952",25000
"2074","F8957",20000
"2075","F8962",25000
"2076","F8964",30000
"2077","F8967",612000
"2078","F8969",30000
"2079","F8970",40000
"2080","F8978",20000
"2081","F8987",11000
"2082","F8989",0
"2083","F8991",0
"2084","F8996",82000
"2085","F9002",30000
"2086","F9005",20000
"2087","F9009",15000
"2088","F9016",20000
"2089","F9017",8000
"2090","F9023",50000
"2091","F9024",6000
"2092","F9028",78000
"2093","F9034",20000
"2094","F9036",0
"2095","F9044",50000
"2096","F9048",60000
"2097","F9054",32000
"2098","F9058",2000
"2099","F9062",24000
"2100","F9067",120000
"2101","F9071",40000
"2102","F9072",10000
"2103","F9079",15000
"2104","F9080",30000
"2105","F9081",20000
"2106","F9085",15000
"2107","F9089",30000
"2108","F9092",43000
"2109","F9093",40000
"2110","F9094",0
"2111","F9107",60000
"2112","F9108",40000
"2113","F9117",60000
"2114","F9127",1e+05
"2115","F9135",15000
"2116","F9139",40000
"2117","F9140",50000
"2118","F9146",30000
"2119","F9155",375000
"2120","F9157",1e+05
"2121","F9160",1e+05
"2122","F9171",40000
"2123","F9177",6000
"2124","F9181",72000
"2125","F9182",240000
"2126","F9193",5000
"2127","F9198",30000
"2128","F9202",10000
"2129","F9206",5000
"2130","F9223",2e+05
"2131","F9226",50000
"2132","F9228",175000
"2133","F9233",1500
"2134","F9237",33000
"2135","F9238",35000
"2136","F9240",10000
"2137","F9244",4e+05
"2138","F9254",120000
"2139","F9255",20000
"2140","F9262",10000
"2141","F9263",15000
"2142","F9266",60000
"2143","F9267",3e+05
"2144","F9270",27000
"2145","F9278",186300
"2146","F9282",30000
"2147","F9284",0
"2148","F9291",18000
"2149","F9296",1700000
"2150","F9300",3e+05
"2151","F9301",85000
"2152","F9302",30000
"2153","F9309",10000
"2154","F9312",-25000
"2155","F9313",30000
"2156","F9316",0
"2157","F9320",50000
"2158","F9330",12000
"2159","F9332",0
"2160","F9344",2e+05
"2161","F9346",10000
"2162","F9353",40000
"2163","F9360",10000
"2164","F9361",0
"2165","F9368",8000
"2166","F9379",70000
"2167","F9381",13000
"2168","F9387",2e+06
"2169","F9388",15000
"2170","F9393",0
"2171","F9398",4000
"2172","F9411",30000
"2173","F9415",35000
"2174","F9421",6000
"2175","F9429",0
"2176","F9430",20000
"2177","F9435",24000
"2178","F9451",0
"2179","F9455",80000
"2180","F9458",60000
"2181","F9461",32000
"2182","F9462",52000
"2183","F9467",90000
"2184","F9471",0
"2185","F9473",60000
"2186","F9474",15000
"2187","F9481",0
"2188","F9484",0
"2189","F9488",90000
"2190","F9489",55000
"2191","F9490",3e+05
"2192","F9491",40000
"2193","F9492",120000
"2194","F9505",12000
"2195","F9510",1e+05
"2196","F9511",10000
"2197","F9512",27000
"2198","F9519",30000
"2199","F9520",30000
"2200","F9521",60000
"2201","F9530",30000
"2202","F9532",50000
"2203","F9533",60000
"2204","F9539",10000
"2205","F9545",5500
"2206","F9547",50000
"2207","F9555",50000
"2208","F9558",19500
"2209","F9559",0
"2210","F9562",150000
"2211","F9563",110000
"2212","F9571",64000
"2213","F9574",1e+05
"2214","F9580",80000
"2215","F9581",20000
"2216","F9584",2e+05
"2217","F9585",60000
"2218","F9597",30000
"2219","F9599",40000
"2220","F9602",25000
"2221","F9607",1e+05
"2222","F9609",25000
"2223","F9612",15000
"2224","F9615",40000
"2225","F9616",48000
"2226","F9621",28000
"2227","F9624",48000
"2228","F9626",30000
"2229","F9628",5000
"2230","F9629",40000
"2231","F9634",85000
"2232","F9641",25000
"2233","F9642",38000
"2234","F9643",350000
"2235","F9651",22000
"2236","F9652",30000
"2237","F9655",2e+05
"2238","F9657",40000
"2239","F9661",70000
"2240","F9662",40000
"2241","F9664",20000
"2242","F9671",30000
"2243","F9672",20000
"2244","F9674",16000
"2245","F9677",140000
"2246","F9680",55000
"2247","F9681",20000
"2248","F9685",10000
"2249","F9688",40000
"2250","F9695",40000
"2251","F9696",10000
"2252","F9705",20000
"2253","F9707",40000
"2254","F9711",45000
"2255","F9712",70000
"2256","F9716",90000
"2257","F9721",40000
"2258","F9723",50000
"2259","F9724",150000
"2260","F9725",30000
"2261","F9727",20000
"2262","F9728",35000
"2263","F9731",50000
"2264","F9733",12000
"2265","F9737",3e+05
"2266","F9739",15000
"2267","F9742",20000
"2268","F9748",0
"2269","F9752",6000
"2270","F9757",85000
"2271","F9760",0
"2272","F9762",50000
"2273","F9766",40000
"2274","F9768",15000
"2275","F9769",0
"2276","F9777",0
"2277","F9778",150000
"2278","F9781",10000
"2279","F9782",30000
"2280","F9784",5000
"2281","F9786",3e+05
"2282","F9788",1e+05
"2283","F9790",15000
"2284","F9802",7000
"2285","F9807",25000
"2286","F9811",23000
"2287","F9812",10000
"2288","F9827",1e+05
"2289","F9831",60000
"2290","F9838",60000
"2291","F9842",1e+05
"2292","F9846",78000
"2293","F9851",120000
"2294","F9852",45000
"2295","F9858",5000
"2296","F9859",35000
"2297","F9861",620000
"2298","F9864",0
"2299","F9865",48000
"2300","F9867",18000
"2301","F9874",60000
"2302","F9881",25000
"2303","F9882",50000
"2304","F9883",390000
"2305","F9894",44000
"2306","F9896",10000
"2307","F9898",0
"2308","F9902",20000
"2309","F9904",15000
"2310","F9907",1e+05
"2311","F9913",20000
"2312","F9917",35000
"2313","F9919",-30000
"2314","F9924",80000
"2315","F9925",0
