mid_g17,ID_firm_anonym
700000,F0001
25000,F0003
160000,F0016
50000,F0017
20000,F0020
11000,F0023
10000,F0024
50000,F0037
28000,F0043
55000,F0052
50000,F0056
12000,F0057
0,F0063
40000,F0064
1545030,F0068
60000,F0070
10000,F0071
75000,F0072
40000,F0079
25000,F0083
0,F0084
20000,F0086
520000,F0087
65000,F0089
40000,F0090
15000,F0091
1500000,F0093
50000,F0094
80000,F0097
361200,F0100
20000,F0101
30000,F0107
10000,F0108
0,F0111
150000,F0115
60000,F0125
12000,F0128
110000,F0132
30000,F0133
0,F0136
40000,F0140
50000,F0141
20000,F0142
500000,F0144
15000,F0145
0,F0151
20000,F0153
25000,F0164
45000,F0166
28000,F0167
70000,F0170
0,F0185
30000,F0187
50000,F0195
25000,F0196
15000,F0197
30000,F0199
5000,F0201
28500,F0206
80000,F0210
150000,F0223
70000,F0224
200000,F0225
35000,F0226
100000,F0230
1500,F0233
123000,F0236
0,F0240
125000,F0244
40000,F0246
85000,F0247
85000,F0248
50000,F0250
40000,F0254
20000,F0260
10000,F0261
60000,F0262
35000,F0270
20000,F0271
-824000,F0273
180000,F0275
20000,F0286
200000,F0288
12000,F0291
50000,F0295
40000,F0297
20000,F0308
15000,F0312
2000,F0315
-18600,F0317
28000,F0323
20000,F0326
20000,F0338
40000,F0341
15000,F0343
126500,F0345
25000,F0350
70000,F0353
55000,F0355
15000,F0365
55000,F0371
60000,F0375
50000,F0378
15000,F0379
528000,F0381
2000,F0394
20000,F0395
0,F0397
30000,F0405
8000,F0406
80000,F0407
0,F0413
40000,F0418
30000,F0420
6000,F0421
15000,F0422
20000,F0424
0,F0425
28800,F0427
150000,F0429
0,F0435
2000,F0441
50000,F0450
50000,F0452
300000,F0459
0,F0464
35000,F0466
35000,F0471
0,F0475
0,F0481
24000,F0485
45000,F0489
15000,F0490
33000,F0494
250000,F0495
20000,F0499
145000,F0502
30000,F0503
3000,F0505
25000,F0508
150000,F0512
25000,F0518
80000,F0519
30000,F0523
15000,F0529
5000,F0533
40000,F0534
30000,F0535
0,F0540
10000,F0543
500000,F0544
40000,F0548
4500,F0553
20000,F0554
75000,F0557
76000,F0561
10000,F0562
300000,F0564
450000,F0567
30000,F0570
-6500,F0576
15000,F0580
20000,F0581
45000,F0588
5000,F0590
20000,F0595
50000,F0602
80000,F0610
25000,F0612
50000,F0619
10000,F0620
112000,F0628
-53000,F0640
20000,F0642
30000,F0643
50000,F0647
50000,F0648
20000,F0651
160000,F0652
250000,F0653
4500,F0654
12000,F0659
12000,F0661
120000,F0662
100000,F0665
14900,F0676
15000,F0677
18000,F0679
100000,F0683
40000,F0693
10000,F0697
30000,F0700
30000,F0703
60000,F0704
180000,F0709
20000,F0711
30000,F0715
80000,F0717
15000,F0720
48000,F0726
25000,F0729
50000,F0735
30000,F0738
34000,F0740
30000,F0745
200000,F0746
80000,F0747
96000,F0749
5000,F0756
20000,F0757
35000,F0758
6000,F0759
20000,F0768
20000,F0769
20000,F0774
300000,F0776
90000,F0781
15000,F0782
12000,F0790
100000,F0792
90000,F0795
100000,F0804
5000,F0807
15000,F0809
5000,F0811
12000,F0812
100000,F0819
8000,F0822
40000,F0825
10000,F0826
90000,F0835
150000,F0840
200000,F0846
30000,F0849
50000,F0850
10000,F0852
300000,F0861
52500,F0862
0,F0865
35000,F0867
50000,F0869
72000,F0876
60000,F0885
100000,F0889
80000,F0890
100000,F0891
16000,F0899
5000,F0901
40000,F0902
20000,F0905
80000,F0906
10000,F0907
46000,F0911
70000,F0913
90000,F0914
35000,F0916
5000,F0917
15000,F0918
50000,F0919
9000,F0921
100000,F0922
74000,F0924
80000,F0926
26500,F0935
19000,F0945
5000,F0953
8500,F0954
50000,F0961
30000,F0968
300000,F0970
45000,F0971
57000,F0973
25000,F0977
0,F0986
0,F0991
5000,F0992
0,F0994
20000,F0996
62000,F1001
25000,F1011
250000,F1014
60000,F1016
150000,F1017
25000,F1019
9000,F1020
40000,F1024
10000,F1026
13500,F1028
180000,F1029
105000,F1030
130000,F1031
70000,F1032
50000,F1044
45000,F1046
60000,F1047
20000,F1048
50000,F1057
22000,F1064
10000,F1065
150000,F1067
50000,F1069
30000,F1077
15000,F1082
0,F1084
24000,F1089
20000,F1096
15000,F1098
100000,F1100
23000,F1104
50000,F1108
40000,F1110
300000,F1114
30000,F1115
30000,F1121
100000,F1123
30000,F1125
14000,F1127
200000,F1134
50000,F1141
60000,F1145
20000,F1147
60000,F1150
110000,F1152
31200,F1153
15000,F1158
65000,F1159
90000,F1161
30000,F1163
28000,F1165
30000,F1167
32500,F1169
12000,F1175
10000,F1185
40000,F1186
40000,F1187
30000,F1189
50000,F1190
10000,F1193
30000,F1203
50000,F1207
25000,F1210
70000,F1212
100000,F1217
40000,F1220
10000,F1221
150000,F1231
2000,F1235
65000,F1236
15000,F1237
12000,F1240
15000,F1241
0,F1243
35000,F1248
15000,F1252
35000,F1253
30000,F1254
80000,F1255
30000,F1256
10000,F1267
100000,F1270
100000,F1273
50000,F1276
60000,F1281
60000,F1286
90000,F1290
50000,F1293
0,F1300
50000,F1301
10000,F1304
120000,F1306
90000,F1310
90000,F1312
15000,F1319
40000,F1320
230000,F1326
60000,F1333
10000,F1339
15000,F1342
15000,F1343
12000,F1357
10000,F1358
10000,F1359
450000,F1361
25000,F1365
90000,F1372
5000,F1382
42000,F1386
500000,F1387
15000,F1391
40000,F1402
68200,F1405
10000,F1414
0,F1416
30000,F1417
40000,F1426
40000,F1429
25000,F1431
60000,F1432
80000,F1436
30000,F1444
0,F1455
28000,F1457
70000,F1461
20000,F1462
25000,F1466
72000,F1472
30000,F1487
3500000,F1492
33900,F1500
100000,F1503
25000,F1507
90000,F1509
30000,F1510
0,F1512
150000,F1514
150000,F1517
30000,F1520
30000,F1521
150000,F1527
15000,F1529
60000,F1535
15000,F1540
30000,F1541
7000,F1549
40000,F1550
120000,F1552
0,F1554
80000,F1560
80000,F1563
55000,F1564
20000,F1565
50000,F1566
5000,F1568
155000,F1571
50000,F1572
460000,F1573
100000,F1576
30000,F1578
5000,F1580
5000,F1584
25000,F1588
9000,F1596
100000,F1599
50000,F1613
135000,F1614
110000,F1615
20000,F1618
50000,F1619
25000,F1629
20000,F1631
0,F1632
0,F1633
35000,F1635
50000,F1637
0,F1638
50000,F1640
160000,F1642
6000,F1643
0,F1646
20000,F1648
90000,F1649
50000,F1650
7000,F1651
5000,F1661
30000,F1664
37500,F1665
15000,F1667
75000,F1669
12000,F1672
25000,F1676
15000,F1685
246000,F1686
70000,F1687
0,F1689
39900,F1690
60000,F1693
170000,F1695
15000,F1709
-20000,F1713
7700,F1719
70000,F1720
15000,F1721
0,F1723
50000,F1724
150000,F1726
100000,F1727
100000,F1730
30000,F1735
10000,F1736
180000,F1740
0,F1746
40000,F1754
45000,F1755
50000,F1756
0,F1757
80000,F1758
25000,F1761
0,F1762
40000,F1763
50000,F1764
10000,F1766
100000,F1768
50000,F1774
8000,F1777
15000,F1778
80000,F1783
50000,F1793
200000,F1796
0,F1800
30000,F1808
20000,F1813
88700,F1817
12000,F1820
100000,F1821
100000,F1822
0,F1823
30000,F1832
100000,F1834
320000,F1836
5000,F1837
20000,F1838
20000,F1846
50000,F1847
12000,F1848
100000,F1854
12000,F1861
32000,F1866
6000,F1870
7000,F1871
100000,F1881
50000,F1882
15000,F1883
55000,F1885
55900,F1888
8000,F1892
150000,F1901
65000,F1902
16000,F1903
70000,F1905
100000,F1912
80000,F1915
180000,F1918
-41000,F1920
60000,F1923
40000,F1924
41000,F1925
25000,F1927
30000,F1932
150000,F1934
5000,F1935
10000,F1936
50000,F1938
6000,F1946
15000,F1948
15000,F1949
150000,F1951
122875,F1952
35000,F1953
150000,F1956
40000,F1966
11000,F1974
50000,F1978
20000,F1980
40000,F1983
150000,F1990
60000,F1995
15000,F1996
150000,F1999
10000,F2000
60000,F2002
100000,F2008
24000,F2016
150000,F2021
150000,F2022
30000,F2026
50000,F2027
20000,F2031
30000,F2034
180000,F2035
80000,F2037
50000,F2045
100000,F2047
8000,F2048
20000,F2052
25000,F2053
30000,F2054
8000,F2057
30000,F2061
30000,F2063
30000,F2065
-50000,F2070
25000,F2071
6000,F2084
20000,F2089
40000,F2096
25000,F2100
120000,F2103
25000,F2105
10000,F2107
25000,F2111
5000,F2113
15000,F2118
15000,F2119
80000,F2123
48000,F2124
20000,F2125
30000,F2127
70000,F2129
10000,F2136
32000,F2138
30000,F2140
0,F2141
25000,F2147
70000,F2149
50000,F2150
40000,F2151
60000,F2155
50000,F2160
1500000,F2163
60000,F2167
5000,F2180
25000,F2185
100000,F2194
150000,F2195
0,F2199
60000,F2203
80000,F2205
20000,F2210
30000,F2211
60000,F2223
10000,F2228
25000,F2230
30000,F2231
15000,F2232
50000,F2235
10000,F2244
15000,F2250
54250,F2253
23000,F2257
10000,F2263
20000,F2266
35000,F2277
7000,F2278
50000,F2279
25000,F2286
60000,F2288
10000,F2292
30000,F2293
40000,F2298
5000,F2308
40000,F2309
9000,F2311
16000,F2314
35000,F2315
90000,F2316
150000,F2322
432000,F2325
90000,F2329
10000,F2330
72000,F2333
3000,F2335
100000,F2337
0,F2338
20000,F2339
20000,F2345
40000,F2353
5000,F2357
0,F2361
15000,F2366
10000,F2368
25000,F2371
40000,F2372
600000,F2373
85000,F2376
100000,F2377
7000,F2381
82000,F2383
12000,F2387
52000,F2390
90000,F2392
20000,F2393
20000,F2398
60000,F2401
10000,F2402
40000,F2405
150000,F2408
6000,F2410
50000,F2415
8000,F2418
30000,F2419
48000,F2427
15000,F2428
40000,F2430
22000,F2434
500000,F2435
55000,F2438
4000,F2441
5000,F2444
250000,F2445
200000,F2451
23000,F2453
15600,F2458
60000,F2460
20000,F2461
52000,F2468
10000,F2470
60000,F2474
135000,F2479
90000,F2483
5000,F2487
20000,F2488
40000,F2489
5000,F2492
30000,F2495
60000,F2496
10000,F2504
90000,F2507
20000,F2509
20000,F2513
60000,F2515
120000,F2517
10000,F2520
15000,F2522
45000,F2523
50000,F2528
80000,F2531
20000,F2534
35000,F2543
72000,F2550
270000,F2555
150000,F2556
136800,F2567
38000,F2568
120000,F2569
30000,F2578
25000,F2599
40000,F2600
5000,F2604
30000,F2605
6000,F2610
12000,F2618
90000,F2619
40000,F2620
15000,F2621
60000,F2623
120000,F2628
11000,F2629
300000,F2642
15000,F2643
-15000,F2647
30000,F2650
0,F2652
60000,F2656
0,F2658
125000,F2661
35000,F2668
25000,F2673
300000,F2675
20000,F2676
12000,F2677
4000,F2681
50000,F2684
0,F2685
50000,F2688
30000,F2696
15000,F2706
0,F2715
1000,F2716
5000,F2723
54000,F2724
30000,F2727
30000,F2740
60000,F2741
50000,F2745
19000,F2748
200000,F2750
40000,F2756
10000,F2761
20000,F2772
125000,F2773
25000,F2781
20000,F2782
12000,F2785
4000,F2787
15000,F2790
20000,F2792
16000,F2795
50000,F2796
35000,F2799
70000,F2803
250000,F2805
0,F2806
100000,F2807
50000,F2810
20000,F2814
9000,F2818
30000,F2820
35000,F2821
10000,F2825
200000,F2828
12000,F2833
15000,F2838
1000,F2841
45000,F2844
20000,F2847
25000,F2855
15000,F2858
120000,F2860
35000,F2863
350000,F2865
40000,F2870
15000,F2871
15000,F2872
31000,F2875
20000,F2880
23000,F2882
10000,F2884
35000,F2885
250000,F2889
24000,F2890
400000,F2891
30000,F2894
20000,F2898
10000,F2901
40000,F2903
20000,F2905
40000,F2906
30000,F2909
45000,F2912
30000,F2914
30000,F2915
20000,F2921
18000,F2926
23000,F2927
100000,F2928
675500,F2929
40000,F2930
28000,F2932
25000,F2934
20000,F2938
25000,F2940
40000,F2941
60000,F2949
26975,F2950
2500,F2952
150000,F2953
500000,F2954
150000,F2957
32000,F2961
28000,F2964
40000,F2969
30000,F2972
50000,F2983
15000,F2985
150000,F2992
30000,F2999
30000,F3006
30000,F3010
60000,F3012
200000,F3019
25000,F3024
20000,F3030
15000,F3031
200000,F3032
60000,F3036
17000,F3043
40000,F3047
5000,F3050
60000,F3059
84000,F3060
850000,F3064
0,F3066
10000,F3069
22500,F3070
15000,F3073
37942,F3074
20000,F3075
200000,F3095
45000,F3096
15000,F3106
100000,F3107
350000,F3109
10000,F3110
250000,F3113
5000,F3122
10000,F3125
0,F3129
160000,F3130
30000,F3131
32000,F3133
35100,F3134
20000,F3136
160000,F3139
50000,F3140
9000,F3144
80000,F3145
0,F3146
0,F3155
0,F3157
20000,F3159
100000,F3163
80000,F3166
3000,F3174
30000,F3179
600000,F3181
30000,F3185
14000,F3189
60000,F3191
20000,F3192
20000,F3195
20000,F3196
25000,F3198
80000,F3207
20000,F3212
30000,F3213
5000,F3217
6000,F3220
180000,F3232
520000,F3239
30000,F3242
0,F3253
37500,F3254
50000,F3255
25000,F3258
50000,F3259
50000,F3263
60000,F3269
70000,F3270
30000,F3277
3000,F3278
21000,F3287
45000,F3288
50000,F3293
75000,F3294
70000,F3299
15000,F3303
30000,F3304
20000,F3305
40000,F3306
15000,F3309
50000,F3318
250000,F3327
150000,F3330
150000,F3331
390000,F3333
60000,F3337
48000,F3339
60000,F3346
11000,F3347
50000,F3351
30000,F3355
2000,F3357
50000,F3361
60000,F3366
30000,F3369
20000,F3371
20000,F3376
0,F3379
20000,F3382
450000,F3390
30000,F3403
130000,F3408
12500,F3416
30000,F3422
7500,F3426
27500,F3429
40000,F3430
30000,F3433
15000,F3436
50000,F3437
50000,F3442
60000,F3444
15000,F3445
0,F3447
1000,F3451
70000,F3453
0,F3462
80000,F3464
50000,F3465
70000,F3469
55000,F3473
30000,F3474
15000,F3475
40000,F3476
30000,F3477
20000,F3479
120000,F3485
80000,F3487
10000,F3494
50000,F3499
310000,F3501
30000,F3504
45000,F3513
30000,F3519
90000,F3520
25000,F3526
90000,F3530
3000,F3531
25000,F3532
12000,F3536
200000,F3547
10000,F3551
100000,F3556
20000,F3560
100000,F3565
105000,F3566
20000,F3573
30000,F3579
20000,F3581
40000,F3582
15000,F3586
20000,F3589
10000,F3590
5000,F3594
30000,F3602
4500,F3603
50000,F3604
15000,F3606
100000,F3609
60000,F3611
135000,F3617
50000,F3621
40000,F3624
125000,F3629
50000,F3638
30000,F3639
125000,F3640
100000,F3643
18000,F3644
10000,F3645
150000,F3659
35000,F3666
30000,F3668
50000,F3669
80000,F3670
40000,F3671
150000,F3672
80000,F3673
158000,F3674
160000,F3680
150000,F3684
100000,F3686
61700,F3687
1000,F3689
20000,F3693
300000,F3695
0,F3699
160000,F3703
6000,F3704
125000,F3709
8000,F3715
0,F3717
300000,F3722
15000,F3723
100000,F3727
15000,F3729
51000,F3733
10000,F3734
83500,F3738
60000,F3739
15000,F3743
25000,F3745
100000,F3749
80000,F3765
30000,F3769
30000,F3770
80000,F3775
50000,F3776
150000,F3779
52000,F3782
10000,F3783
100000,F3789
0,F3794
25000,F3800
30000,F3802
150000,F3803
500000,F3818
75000,F3819
250000,F3822
25000,F3824
84000,F3835
150000,F3836
60000,F3839
100000,F3840
16000,F3843
130000,F3844
10000,F3845
200000,F3848
212000,F3849
30000,F3856
50000,F3864
15000,F3865
150000,F3872
250000,F3875
150000,F3876
300000,F3880
20000,F3884
6000,F3888
7500,F3892
30000,F3893
3600,F3894
12000,F3896
30000,F3897
72000,F3901
500000,F3904
60000,F3913
10000,F3917
95000,F3922
9000,F3927
10500,F3933
50000,F3934
18200,F3937
90000,F3939
20000,F3946
25000,F3947
30000,F3952
45000,F3956
30000,F3957
15000,F3958
50000,F3963
10000,F3965
30000,F3968
30000,F3969
20000,F3971
34000,F3981
200000,F3984
50000,F3985
150000,F3990
150000,F3991
35000,F3992
2250,F3996
30000,F3997
16000,F4007
0,F4008
200000,F4009
20000,F4015
16000,F4021
0,F4024
15000,F4027
40000,F4029
200000,F4031
70000,F4033
30000,F4035
30000,F4036
17500,F4039
32000,F4040
80000,F4042
60000,F4043
15000,F4049
100000,F4050
6000,F4063
30000,F4067
15000,F4069
10000,F4070
15000,F4075
30000,F4076
5000,F4083
27000,F4085
30000,F4087
0,F4090
200000,F4092
45000,F4103
50000,F4108
130000,F4117
40000,F4118
40000,F4120
6000,F4123
25000,F4124
20000,F4125
8000,F4131
7000,F4133
75000,F4136
30000,F4138
60000,F4139
15000,F4147
80000,F4149
20000,F4157
20000,F4159
40000,F4162
18000,F4169
160000,F4186
50000,F4200
0,F4201
175000,F4205
25000,F4214
60000,F4221
60000,F4224
25000,F4225
50000,F4229
120000,F4234
45000,F4236
25000,F4238
30000,F4243
147000,F4250
13000,F4254
15000,F4256
15000,F4259
80000,F4260
50000,F4261
0,F4262
70000,F4266
100000,F4267
70000,F4269
25000,F4274
15000,F4276
250000,F4279
-5500,F4282
50000,F4283
20000,F4284
280000,F4287
500000,F4290
60000,F4292
20000,F4294
0,F4299
8000,F4302
35000,F4305
36000,F4312
10000,F4315
42000,F4319
48000,F4320
60000,F4323
25000,F4327
80000,F4328
15000,F4329
40000,F4331
180000,F4335
800000,F4336
0,F4338
10000,F4342
127200,F4344
170000,F4356
8000,F4357
5000,F4383
10000,F4386
50000,F4393
136000,F4399
215000,F4406
100000,F4407
10000,F4408
60000,F4410
25000,F4413
30000,F4417
50000,F4418
30000,F4421
100000,F4423
15000,F4424
115000,F4427
15000,F4429
15000,F4430
30000,F4432
40000,F4436
50000,F4437
50000,F4438
10000,F4440
3600000,F4441
7500,F4446
30000,F4447
50000,F4451
7500,F4457
30000,F4460
60000,F4469
110000,F4473
50000,F4476
30000,F4492
15000,F4499
30000,F4501
24000,F4505
60000,F4507
176000,F4516
30000,F4517
88000,F4520
10000,F4521
15000,F4523
90000,F4542
150000,F4544
20000,F4545
30000,F4547
90000,F4557
0,F4559
35000,F4561
150000,F4567
40000,F4569
15000,F4571
350000,F4577
65000,F4579
5000,F4582
25000,F4583
12000,F4586
50000,F4588
30000,F4591
30000,F4595
150000,F4599
105000,F4600
100000,F4612
220000,F4613
15000,F4615
0,F4618
5000,F4619
225000,F4621
18000,F4622
10000,F4623
0,F4625
90000,F4629
14000,F4631
40000,F4634
10000,F4635
120000,F4639
5000,F4641
45000,F4642
12000,F4646
25000,F4648
125000,F4658
30000,F4659
180000,F4669
55000,F4670
75000,F4674
48000,F4680
0,F4683
200000,F4685
20000,F4687
25000,F4688
90000,F4691
80000,F4692
45000,F4694
0,F4698
10000,F4701
15000,F4703
100000,F4710
45000,F4719
90000,F4720
15000,F4723
50000,F4724
15000,F4725
20000,F4731
50000,F4743
16000,F4747
15000,F4749
25000,F4752
8560,F4754
35000,F4758
50000,F4759
15000,F4760
0,F4762
6000,F4763
15000,F4765
70000,F4772
10000,F4777
21000,F4779
54000,F4783
25000,F4788
20000,F4789
25000,F4794
50000,F4799
10000,F4801
15000,F4802
75000,F4806
150000,F4807
100000,F4812
9000,F4826
24000,F4827
30000,F4828
200000,F4831
30000,F4832
190000,F4841
300000,F4847
20000,F4850
4300,F4851
30000,F4852
12000,F4856
50000,F4861
120000,F4863
100000,F4867
7500,F4871
0,F4877
120000,F4878
42000,F4879
30000,F4881
40000,F4883
45000,F4884
15000,F4895
50000,F4897
15000,F4903
100000,F4905
50000,F4906
35000,F4909
20000,F4910
0,F4912
90000,F4913
96000,F4917
30000,F4921
24000,F4924
200000,F4930
130000,F4937
65000,F4938
60000,F4943
80000,F4944
175000,F4946
60000,F4953
180000,F4956
30000,F4959
10000,F4960
45000,F4962
25000,F4968
30000,F4976
45000,F4977
8500,F4978
85000,F4980
105000,F4981
50000,F4983
60000,F4987
15000,F4988
30000,F4994
150000,F4996
35000,F4997
130000,F5001
70000,F5004
5000,F5006
15000,F5007
43000,F5008
10000,F5016
100000,F5019
65000,F5026
100000,F5050
30000,F5052
4250,F5054
40000,F5057
60000,F5058
60000,F5067
75000,F5073
50000,F5083
10000,F5085
16000,F5092
18000,F5110
10000,F5111
10000,F5112
700000,F5122
25000,F5126
30000,F5128
60000,F5138
30000,F5140
5000,F5145
20000,F5158
30000,F5167
70000,F5176
50000,F5179
15000,F5192
10000,F5197
80000,F5199
70000,F5201
10000,F5202
70000,F5206
10000,F5209
15000,F5211
6000,F5213
160000,F5215
0,F5216
100000,F5217
36000,F5223
35000,F5224
3000,F5226
0,F5227
56200,F5228
75000,F5230
35000,F5237
20000,F5252
60000,F5253
20000,F5258
11000,F5259
30000,F5260
15000,F5261
12000,F5262
450000,F5263
120000,F5265
69000,F5267
8000,F5268
60000,F5272
30000,F5275
40000,F5279
45000,F5281
5000,F5287
60000,F5288
100000,F5292
15000,F5293
30000,F5294
46000,F5298
60000,F5300
150000,F5303
8000,F5308
8000,F5311
30000,F5312
10000,F5314
30000,F5315
10000,F5317
40000,F5323
90000,F5324
15000,F5325
34000,F5327
20000,F5328
30000,F5329
30000,F5330
5000,F5336
60000,F5345
10000,F5352
45000,F5353
50000,F5358
10000,F5360
100000,F5368
3000,F5369
25400,F5371
3000,F5378
5000,F5381
93500,F5384
20000,F5389
50000,F5390
15000,F5395
3500,F5398
0,F5403
16000,F5413
130000,F5414
45000,F5417
-90000,F5419
60000,F5425
600000,F5426
15000,F5428
60000,F5431
5000,F5432
8000,F5435
15000,F5443
10000,F5445
95700,F5447
0,F5449
50000,F5452
20000,F5456
12000,F5459
200000,F5480
40000,F5481
2000,F5483
35000,F5486
20000,F5491
60000,F5493
15000,F5494
35000,F5495
50000,F5501
20000,F5503
26000,F5504
10000,F5506
20000,F5508
30000,F5509
50000,F5510
112000,F5511
12000,F5517
60000,F5518
80000,F5534
250000,F5536
50000,F5542
75000,F5547
5000,F5554
518000,F5556
500000,F5561
20000,F5564
100000,F5565
120000,F5569
17000,F5572
100000,F5578
15000,F5587
50000,F5589
200000,F5594
62500,F5600
40000,F5601
45000,F5606
14500,F5611
40000,F5613
120000,F5615
10000,F5616
300000,F5621
6000,F5622
50000,F5624
40000,F5625
45000,F5628
75000,F5630
5000,F5649
10000,F5653
100000,F5662
12000,F5669
8000,F5671
50000,F5673
35000,F5675
25000,F5683
40000,F5684
8500,F5688
25000,F5690
30000,F5698
20000,F5699
30000,F5702
50000,F5707
20000,F5712
50000,F5715
80000,F5718
10000,F5733
900000,F5739
10000,F5741
40000,F5743
22500,F5750
4750,F5754
40000,F5760
45000,F5765
40000,F5767
40000,F5769
70000,F5776
63000,F5786
40000,F5792
5000,F5795
25000,F5796
120000,F5804
30000,F5806
80000,F5807
150000,F5810
15000,F5814
0,F5815
17000,F5817
20000,F5825
20000,F5831
2500,F5833
2000,F5839
480000,F5840
20000,F5843
12000,F5847
25000,F5851
400000,F5867
60000,F5868
100000,F5870
50000,F5873
10000,F5874
0,F5877
15000,F5879
20000,F5881
40000,F5888
5000,F5891
35000,F5899
40000,F5901
12500,F5902
2000,F5903
7500,F5908
50000,F5917
150000,F5920
50000,F5924
50000,F5925
50000,F5933
50000,F5937
30000,F5938
40000,F5946
0,F5947
60000,F5949
127000,F5951
20000,F5954
85000,F5963
12000,F5964
20000,F5965
10000,F5972
400000,F5973
15000,F5975
50000,F5981
50000,F5982
30000,F5986
75000,F5988
20000,F5989
12000,F5991
90000,F5997
50000,F5998
206000,F6013
5000,F6020
800,F6023
47000,F6026
23300,F6027
10000,F6029
40000,F6033
78000,F6034
20000,F6045
170000,F6048
50000,F6049
30000,F6050
16000,F6052
55000,F6054
30000,F6055
70000,F6059
10000,F6062
98000,F6063
50000,F6067
82000,F6069
50000,F6072
20000,F6089
70000,F6098
50000,F6108
30000,F6118
25000,F6119
100000,F6120
48000,F6121
20000,F6125
200000,F6131
15000,F6132
20000,F6135
6250,F6139
0,F6142
25000,F6146
7600,F6147
21000,F6152
23000,F6155
50000,F6156
80000,F6157
86000,F6158
12000,F6159
30000,F6164
30000,F6171
200000,F6176
30000,F6179
10500,F6180
30000,F6184
0,F6186
30000,F6188
75000,F6190
80000,F6192
150000,F6196
39000,F6199
30000,F6201
12000,F6204
70000,F6209
30000,F6213
70000,F6220
25000,F6224
5000,F6229
30000,F6230
60000,F6234
100000,F6236
24000,F6238
100000,F6239
60000,F6241
30000,F6244
200000,F6251
15000,F6252
37500,F6258
10000,F6260
1000,F6262
150000,F6276
110000,F6280
300000,F6281
50000,F6282
0,F6283
20000,F6285
0,F6292
25000,F6296
70000,F6302
40000,F6311
20000,F6315
27000,F6319
100000,F6321
50000,F6325
30000,F6326
20000,F6334
5000,F6338
60000,F6345
50000,F6347
300000,F6349
60000,F6364
2000,F6366
100000,F6367
52000,F6371
150000,F6372
9000,F6374
80000,F6379
30000,F6389
32500,F6392
15000,F6396
10000,F6400
100000,F6402
25000,F6409
25000,F6422
15000,F6432
10000,F6437
40000,F6439
1000,F6442
10000,F6447
0,F6454
30000,F6459
1100000,F6466
10000,F6468
20000,F6470
100000,F6471
100000,F6476
30000,F6478
15000,F6481
60000,F6486
80000,F6489
35000,F6491
15000,F6493
0,F6494
40000,F6495
15000,F6496
80000,F6499
0,F6512
50000,F6515
50000,F6517
25000,F6518
25000,F6522
150000,F6523
50000,F6529
15000,F6531
50000,F6538
200000,F6539
50000,F6542
15000,F6545
20000,F6548
50000,F6549
40000,F6554
10000,F6559
90000,F6571
40000,F6572
150000,F6578
60000,F6580
15000,F6582
35000,F6584
25000,F6588
300000,F6590
12000,F6591
35000,F6600
1500000,F6606
20000,F6607
16000,F6608
300000,F6617
150000,F6618
40000,F6619
160000,F6621
130000,F6628
20000,F6629
30000,F6636
18000,F6642
30000,F6646
25000,F6648
52000,F6658
12000,F6659
12000,F6663
5000,F6664
50000,F6670
60000,F6673
30000,F6675
20000,F6677
60000,F6681
100000,F6682
30000,F6687
60000,F6691
10000,F6693
600,F6696
21000,F6700
50000,F6701
60000,F6703
0,F6705
10000,F6711
180000,F6713
10000,F6717
60000,F6725
10000,F6728
3000,F6741
8000,F6751
60000,F6752
8000,F6759
15000,F6764
0,F6771
30000,F6774
75000,F6780
100000,F6781
25000,F6782
300000,F6786
45000,F6795
45000,F6796
60000,F6801
20000,F6803
20000,F6807
7500,F6808
200000,F6810
10000,F6813
13000,F6814
80000,F6820
100000,F6821
15000,F6824
100000,F6828
60000,F6829
15000,F6842
30000,F6848
50000,F6852
40000,F6856
30000,F6862
30000,F6867
450000,F6871
200000,F6878
40000,F6880
8500,F6890
102000,F6891
20000,F6893
10000,F6896
14000,F6898
50000,F6905
20000,F6910
70000,F6911
100000,F6912
50000,F6917
10000,F6920
120000,F6923
20000,F6924
100000,F6925
200000,F6927
20000,F6930
50000,F6934
0,F6935
80000,F6936
75000,F6939
40000,F6940
60000,F6943
-18000,F6945
6000,F6951
0,F6954
500,F6959
30000,F6962
100000,F6963
10000,F6970
30000,F6972
30000,F6974
15000,F6975
15000,F6976
35000,F6977
19000,F6979
20000,F6983
45000,F6989
0,F6991
30000,F6995
75000,F6997
40000,F6999
20000,F7001
10700,F7002
30000,F7005
10000,F7006
85000,F7014
75000,F7031
12500,F7033
30000,F7034
15000,F7038
20000,F7040
30000,F7045
100000,F7050
6000,F7052
20000,F7053
10000,F7058
25000,F7059
180000,F7065
30000,F7066
27000,F7072
15000,F7073
40000,F7085
80000,F7093
10000,F7101
7500,F7105
50000,F7111
32000,F7112
19000,F7115
32000,F7121
48000,F7129
36000,F7132
35000,F7134
20000,F7139
5000,F7146
90000,F7148
3000,F7149
10000,F7151
28000,F7155
0,F7159
30000,F7163
0,F7165
370000,F7167
3000,F7168
20000,F7170
600000,F7172
25000,F7175
4500,F7178
30000,F7179
30000,F7182
50000,F7184
-6550,F7186
10000,F7195
30000,F7196
5000,F7198
8000,F7210
0,F7214
200000,F7223
4000,F7227
80000,F7229
2000,F7230
5000,F7240
100000,F7248
300000,F7256
15000,F7257
30000,F7258
30000,F7260
200000,F7261
5000,F7264
200000,F7265
-37750,F7266
375000,F7269
30000,F7271
35000,F7274
40000,F7279
0,F7289
0,F7290
20000,F7300
0,F7302
200000,F7306
250000,F7307
15000,F7310
50000,F7315
0,F7316
6000,F7318
25000,F7325
2000,F7330
5000,F7333
40000,F7340
60000,F7343
150000,F7350
21000,F7351
-25000,F7354
15000,F7356
40000,F7360
3500,F7365
15000,F7366
9000,F7367
4000,F7369
50000,F7372
6000,F7374
40000,F7375
200000,F7378
20000,F7381
0,F7382
84000,F7386
40000,F7387
5000,F7392
78000,F7393
30000,F7395
12000,F7396
0,F7399
120000,F7403
20000,F7413
18000,F7414
80000,F7421
0,F7423
30000,F7428
2000,F7431
0,F7434
40000,F7435
10000,F7442
10000,F7443
40000,F7446
20000,F7447
20000,F7448
25000,F7449
9000,F7450
23000,F7451
45000,F7463
6000,F7468
160000,F7469
60000,F7471
120000,F7472
20000,F7474
20000,F7481
80000,F7484
80000,F7485
30000,F7488
30000,F7493
50000,F7495
112000,F7498
60000,F7499
50000,F7506
1500,F7512
80000,F7525
100000,F7532
300000,F7537
60000,F7540
115000,F7541
25000,F7546
100000,F7549
8500,F7554
15000,F7564
60000,F7576
60000,F7578
40000,F7588
50000,F7594
60000,F7596
40000,F7600
200000,F7602
65000,F7603
10000,F7605
150000,F7611
25000,F7614
62700,F7615
15000,F7619
40000,F7623
50000,F7624
80000,F7626
120000,F7629
15000,F7632
30000,F7635
240000,F7640
150000,F7642
60000,F7646
13000,F7652
510000,F7657
27000,F7661
30000,F7670
100000,F7672
100000,F7673
0,F7679
100000,F7685
10000,F7687
50000,F7690
25000,F7692
650000,F7695
5500,F7703
1000,F7708
45000,F7709
70000,F7712
300000,F7714
30000,F7716
10000,F7717
20000,F7718
15000,F7719
12000,F7721
25000,F7726
10000,F7729
200000,F7730
450000,F7733
80000,F7736
16000,F7742
20000,F7743
40000,F7748
100000,F7751
45000,F7752
30000,F7756
150000,F7759
42500,F7763
60000,F7766
100000,F7767
115000,F7775
5000,F7778
15000,F7782
13500,F7783
90000,F7787
-15000,F7791
160000,F7794
25000,F7805
50000,F7807
35000,F7808
700,F7813
40000,F7814
30000,F7815
50000,F7816
167400,F7819
0,F7822
50000,F7825
0,F7830
90000,F7836
30000,F7838
30000,F7839
37500,F7840
70000,F7843
25000,F7844
20000,F7849
5200,F7850
10000,F7853
43800,F7854
200000,F7858
60000,F7860
6000,F7867
40000,F7869
35000,F7873
40000,F7875
50000,F7877
45000,F7879
100000,F7881
60000,F7894
20000,F7900
25000,F7904
40000,F7905
24000,F7912
60000,F7913
275000,F7920
150000,F7925
50000,F7927
30000,F7932
65000,F7936
50000,F7937
75000,F7942
22500,F7945
50000,F7948
160000,F7964
45000,F7966
40000,F7967
50000,F7968
8000,F7976
400000,F7977
20000,F7979
50000,F7981
50000,F7984
25000,F7986
7200,F7987
30000,F7990
150000,F7992
20000,F7994
15000,F7995
3000,F7999
70000,F8002
30000,F8005
60000,F8007
25000,F8013
40000,F8014
10000,F8015
300000,F8016
200000,F8017
10000,F8018
70000,F8019
5000,F8020
50000,F8023
90000,F8026
8400,F8028
40000,F8030
10000,F8032
15000,F8036
41000,F8038
17000,F8039
15000,F8042
105000,F8043
48000,F8046
0,F8049
150000,F8055
120000,F8056
7000,F8057
10000,F8062
25000,F8067
25000,F8070
1034000,F8072
36000,F8074
6000,F8076
200000,F8077
131000,F8085
40000,F8089
60000,F8103
5000,F8116
0,F8118
60000,F8120
9000,F8123
30000,F8126
2000,F8135
11000,F8137
10000,F8141
30000,F8143
70000,F8146
43400,F8153
155000,F8158
40000,F8160
25500,F8168
150000,F8172
50000,F8173
30000,F8175
80000,F8177
160000,F8178
30000,F8187
80000,F8189
20000,F8193
25000,F8194
6500,F8196
100000,F8199
50000,F8200
90000,F8213
50000,F8215
50000,F8217
55000,F8218
40000,F8221
60000,F8225
20000,F8226
25000,F8228
150000,F8229
300000,F8231
200000,F8232
26000,F8236
225000,F8243
60000,F8244
180000,F8247
0,F8253
22000,F8258
40000,F8260
4800,F8263
45000,F8276
28800,F8284
30000,F8285
160000,F8286
30000,F8287
9800,F8290
40000,F8292
40000,F8294
72000,F8296
30000,F8298
130000,F8299
21000,F8300
10845,F8302
45000,F8303
15000,F8310
100000,F8311
5000,F8313
24000,F8320
50000,F8321
50000,F8327
3000,F8328
50000,F8332
30000,F8336
51000,F8339
85000,F8342
22000,F8343
0,F8344
7500,F8353
40000,F8362
20000,F8363
15000,F8371
80000,F8382
35000,F8389
-30000,F8392
20000,F8395
20000,F8398
12000,F8403
40000,F8405
20000,F8407
-30000,F8408
0,F8409
200000,F8413
20000,F8416
200000,F8418
165000,F8420
45000,F8426
30000,F8433
10000,F8435
5000,F8436
240000,F8445
16000,F8446
3500,F8447
7000,F8448
50000,F8454
50000,F8466
5000,F8467
100000,F8469
40000,F8470
200000,F8472
90000,F8475
30000,F8476
30000,F8480
30000,F8506
6000,F8511
40000,F8513
150000,F8514
95000,F8516
48000,F8517
50000,F8521
170000,F8527
10000,F8532
200000,F8537
10000,F8539
100000,F8540
1500,F8547
16800,F8549
80000,F8552
100000,F8554
0,F8557
35000,F8562
20000,F8567
16000,F8569
0,F8571
45000,F8573
100000,F8575
200000,F8584
32000,F8592
95000,F8600
45000,F8601
185000,F8605
80000,F8608
90000,F8618
6000,F8619
5000,F8620
50000,F8621
50000,F8624
20000,F8627
30000,F8630
45000,F8631
120000,F8632
65000,F8635
3000,F8636
5000,F8638
500,F8639
40000,F8640
40000,F8646
0,F8651
0,F8653
0,F8654
55000,F8655
50000,F8656
28800,F8658
15000,F8659
30000,F8660
25000,F8662
70000,F8669
24000,F8670
50000,F8674
110000,F8681
12000,F8682
8500,F8688
30000,F8689
75000,F8690
35000,F8693
10000,F8700
15000,F8714
100000,F8717
85000,F8718
30000,F8720
2000,F8728
210000,F8735
20000,F8737
150000,F8758
3250,F8767
40000,F8772
32000,F8773
10000,F8775
178300,F8779
50000,F8781
5000,F8783
20000,F8792
38000,F8796
25000,F8799
16000,F8806
58000,F8809
20000,F8813
23000,F8817
20000,F8827
50000,F8828
6000,F8833
150000,F8844
28000,F8852
7500,F8858
250000,F8865
3000,F8866
25000,F8871
30000,F8874
30000,F8880
200000,F8881
460000,F8882
120000,F8887
0,F8891
40000,F8892
92200,F8893
75000,F8894
90000,F8895
20000,F8896
20000,F8899
5000,F8903
23000,F8908
80000,F8911
20000,F8926
30000,F8927
50000,F8929
5000,F8930
50000,F8931
3000,F8933
20000,F8934
15000,F8935
25000,F8936
30000,F8946
30000,F8947
20000,F8952
5000,F8957
20000,F8960
50000,F8962
1800,F8964
1200000,F8967
10500,F8970
30000,F8978
50000,F8987
4000,F8988
25000,F8989
8000,F8991
30000,F8995
90000,F8996
45000,F9002
15000,F9003
8500,F9005
15000,F9010
5800,F9016
6000,F9017
15000,F9022
50000,F9023
50000,F9024
60000,F9028
45000,F9033
35000,F9034
0,F9036
52000,F9039
72000,F9044
30000,F9048
350000,F9050
50000,F9054
35600,F9062
0,F9064
45000,F9071
34500,F9072
32000,F9079
0,F9080
200000,F9081
0,F9085
12000,F9089
10000,F9092
30000,F9093
179600,F9094
150000,F9098
200000,F9108
0,F9110
80000,F9117
5000,F9126
10000,F9127
60000,F9130
20000,F9135
80000,F9139
60000,F9140
30000,F9143
100000,F9146
0,F9155
10000,F9157
32000,F9160
45000,F9169
30000,F9182
60000,F9198
30000,F9202
3000,F9206
50000,F9223
10000,F9226
60000,F9228
5000,F9233
18000,F9237
20000,F9238
10000,F9240
20000,F9241
300000,F9244
20000,F9246
30000,F9254
10000,F9255
32000,F9256
30000,F9259
15000,F9262
5000,F9263
0,F9266
195000,F9267
150000,F9270
40000,F9278
15000,F9282
15000,F9284
30000,F9286
30000,F9291
800000,F9295
1200000,F9296
0,F9299
0,F9300
60000,F9301
45000,F9302
0,F9303
150000,F9309
50000,F9310
40000,F9313
20000,F9316
130000,F9320
21000,F9330
35000,F9331
40000,F9332
150000,F9344
40000,F9346
100000,F9351
60000,F9355
60000,F9360
200000,F9361
50000,F9368
40000,F9370
60000,F9379
30000,F9381
30000,F9386
60000,F9387
0,F9393
20000,F9398
0,F9404
10000,F9408
20000,F9411
40000,F9415
60000,F9421
50000,F9427
180000,F9428
10000,F9429
30000,F9430
8000,F9434
95000,F9435
45000,F9451
45000,F9452
25000,F9455
50000,F9458
110000,F9461
50000,F9462
104700,F9467
0,F9471
144000,F9473
20000,F9474
20000,F9481
30000,F9484
50000,F9488
76000,F9490
50000,F9491
30000,F9492
50000,F9503
15000,F9505
80000,F9507
400000,F9510
50000,F9511
10000,F9512
30000,F9519
35000,F9520
35000,F9521
35000,F9529
50000,F9530
90000,F9532
80000,F9533
8000,F9534
0,F9539
-30000,F9545
40000,F9547
35000,F9553
30000,F9555
5000,F9558
14000,F9559
2000,F9561
65000,F9562
20000,F9563
60000,F9564
5000,F9571
450000,F9574
100000,F9580
50000,F9581
90000,F9584
40000,F9585
24000,F9592
7250,F9597
840000,F9605
10000,F9606
80000,F9607
0,F9609
40000,F9612
200000,F9615
30000,F9616
10000,F9620
12000,F9621
125000,F9624
15000,F9626
22000,F9627
6250,F9631
48000,F9634
25000,F9641
35000,F9642
300000,F9643
22000,F9651
25000,F9652
150000,F9655
15000,F9657
64000,F9661
25000,F9662
100000,F9664
30000,F9671
72000,F9672
78000,F9673
35000,F9674
0,F9675
40000,F9680
20000,F9681
200000,F9687
80000,F9688
50000,F9690
20000,F9695
25000,F9705
60000,F9707
2000,F9708
50000,F9711
80000,F9712
100000,F9716
50000,F9721
79000,F9723
165000,F9724
24000,F9725
12000,F9727
800000,F9728
135200,F9731
50000,F9733
150000,F9737
15000,F9739
30000,F9742
60000,F9748
4000,F9752
40000,F9757
40000,F9762
-100000,F9763
80000,F9766
60000,F9768
0,F9769
0,F9777
80000,F9778
30000,F9781
15000,F9782
2000,F9784
15000,F9786
850000,F9788
25000,F9790
0,F9791
80000,F9795
100000,F9799
10000,F9802
28000,F9807
37000,F9811
30000,F9812
50000,F9815
5000,F9819
90000,F9827
7000,F9831
250000,F9832
40000,F9838
50000,F9842
180000,F9846
40000,F9851
40000,F9852
0,F9855
10000,F9858
20000,F9859
90000,F9860
100000,F9861
60000,F9864
36000,F9865
0,F9866
8000,F9867
15000,F9869
20000,F9881
30000,F9882
20000,F9883
8000,F9884
100000,F9885
55000,F9894
-6000,F9896
10000,F9898
5000,F9902
12000,F9903
100000,F9904
60000,F9907
25000,F9913
15000,F9914
70000,F9917
0,F9919
500000,F9924
